name,constituency_code,type,country_name,country_code,region_name,region_code,polling_on,valid_vote_count,majority,population_count
Aberafan Maesteg,W07000081,County,Wales,W92000004,,,2019-12-12,44423,13457,69817
Aberdeen North,S14000060,Burgh,Scotland,S92000003,,,2019-12-12,50127,14210,76895
Aberdeen South,S14000061,Burgh,Scotland,S92000003,,,2019-12-12,50118,5463,76560
Aberdeenshire North and Moray East,S14000062,County,Scotland,S92000003,,,2019-12-12,45891,2399,71485
West Aberdeenshire and Kincardine,S14000058,County,Scotland,S92000003,,,2019-12-12,53345,843,73634
Airdrie and Shotts,S14000063,County,Scotland,S92000003,,,2019-12-12,46338,5324,70420
Aldershot,E14001063,Borough,England,E92000001,South East,E12000008,2019-12-12,51828,17985,76765
Aldridge-Brownhills,E14001064,Borough,England,E92000001,West Midlands,E12000005,2019-12-12,47321,22758,73122
Alloa and Grangemouth,S14000064,County,Scotland,S92000003,,,2019-12-12,45658,12727,72265
Altrincham and Sale West,E14001065,Borough,England,E92000001,North West,E12000002,2019-12-12,54763,6139,73934
Alyn and Deeside,W07000082,County,Wales,W92000004,,,2019-12-12,52350,411,75695
Amber Valley,E14001066,County,England,E92000001,East Midlands,E12000004,2019-12-12,45609,16891,70625
Angus and Perthshire Glens,S14000065,County,Scotland,S92000003,,,2019-12-12,56547,6005,77006
East Antrim,N05000005,County,Northern Ireland,N92000002,,,2019-12-12,40156,6395,69936
North Antrim,N05000012,County,Northern Ireland,N92000002,,,2019-12-12,40622,13765,71165
South Antrim,N05000014,County,Northern Ireland,N92000002,,,2019-12-12,42668,3036,71646
Arbroath and Broughty Ferry,S14000066,County,Scotland,S92000003,,,2019-12-12,52124,10777,76810
"Argyll, Bute and South Lochaber",S14000067,County,Scotland,S92000003,,,2019-12-12,50727,4897,71707
Arundel and South Downs,E14001067,County,England,E92000001,South East,E12000008,2019-12-12,58105,24105,76974
Ashfield,E14001068,County,England,E92000001,East Midlands,E12000004,2019-12-12,42949,5303,69819
Ashford,E14001069,County,England,E92000001,South East,E12000008,2019-12-12,48579,17211,73546
Ashton-under-Lyne,E14001070,Borough,England,E92000001,North West,E12000002,2019-12-12,41377,4689,72278
Aylesbury,E14001071,County,England,E92000001,South East,E12000008,2019-12-12,57888,16640,75636
"Ayr, Carrick and Cumnock",S14000006,County,Scotland,S92000003,,,2019-12-12,46592,2329,72057
Central Ayrshire,S14000010,County,Scotland,S92000003,,,2019-12-12,46534,5304,69779
North Ayrshire and Arran,S14000048,County,Scotland,S92000003,,,2019-12-12,48154,8521,73588
Banbury,E14001072,County,England,E92000001,South East,E12000008,2019-12-12,50810,13799,69943
Bangor Aberconwy,W07000083,County,Wales,W92000004,,,2019-12-12,48407,749,70468
Barking,E14001073,Borough,England,E92000001,London,E12000007,2019-12-12,41019,13993,71822
Barnsley North,E14001074,County,England,E92000001,Yorkshire and The Humber,E12000003,2019-12-12,44480,4002,76794
Barnsley South,E14001075,County,England,E92000001,Yorkshire and The Humber,E12000003,2019-12-12,37508,4720,75896
Barrow and Furness,E14001076,County,England,E92000001,North West,E12000002,2019-12-12,50047,7436,76603
Basildon and Billericay,E14001077,Borough,England,E92000001,East of England,E12000006,2019-12-12,46853,20749,76993
South Basildon and East Thurrock,E14001480,County,England,E92000001,East of England,E12000006,2019-12-12,44729,18731,73322
Basingstoke,E14001078,Borough,England,E92000001,South East,E12000008,2019-12-12,51181,12301,77050
Bassetlaw,E14001079,County,England,E92000001,East Midlands,E12000004,2019-12-12,47677,12588,75773
Bath,E14001080,County,England,E92000001,South West,E12000009,2019-12-12,56876,12125,73241
Bathgate and Linlithgow,S14000068,County,Scotland,S92000003,,,2019-12-12,47217,8671,71650
Battersea,E14001081,Borough,England,E92000001,London,E12000007,2019-12-12,54918,6026,71949
Beaconsfield,E14001082,County,England,E92000001,South East,E12000008,2019-12-12,52633,13772,72315
Beckenham and Penge,E14001083,Borough,England,E92000001,London,E12000007,2019-12-12,60142,631,76625
Bedford,E14001084,Borough,England,E92000001,East of England,E12000006,2019-12-12,46603,1113,70068
Mid Bedfordshire,E14001359,County,England,E92000001,East of England,E12000006,2019-12-12,51325,20509,71748
North Bedfordshire,E14001384,County,England,E92000001,East of England,E12000006,2019-12-12,56202,23631,76319
Belfast East,N05000001,Borough,Northern Ireland,N92000002,,,2019-12-12,45126,2626,70076
Belfast North,N05000002,Borough,Northern Ireland,N92000002,,,2019-12-12,48140,3739,71372
Belfast South and Mid Down,N05000003,Borough,Northern Ireland,N92000002,,,2019-12-12,47669,13322,71978
Belfast West,N05000004,Borough,Northern Ireland,N92000002,,,2019-12-12,42899,12997,71921
Bermondsey and Old Southwark,E14001085,Borough,England,E92000001,London,E12000007,2019-12-12,45885,8515,70602
"Berwickshire, Roxburgh and Selkirk",S14000008,County,Scotland,S92000003,,,2019-12-12,53146,5148,74687
Bethnal Green and Stepney,E14001086,Borough,England,E92000001,London,E12000007,2019-12-12,49951,31655,77000
Beverley and Holderness,E14001087,County,England,E92000001,Yorkshire and The Humber,E12000003,2019-12-12,49483,17976,71102
Bexhill and Battle,E14001088,County,England,E92000001,South East,E12000008,2019-12-12,49737,20384,70869
Bexleyheath and Crayford,E14001089,Borough,England,E92000001,London,E12000007,2019-12-12,47300,15038,69948
Bicester and Woodstock,E14001090,County,England,E92000001,South East,E12000008,2019-12-12,51991,14205,70389
Birkenhead,E14001091,Borough,England,E92000001,North West,E12000002,2019-12-12,51762,22993,76271
Birmingham Edgbaston,E14001092,Borough,England,E92000001,West Midlands,E12000005,2019-12-12,45599,7691,71354
Birmingham Erdington,E14001093,Borough,England,E92000001,West Midlands,E12000005,2019-12-12,41499,3305,76856
Birmingham Hall Green and Moseley,E14001094,Borough,England,E92000001,West Midlands,E12000005,2019-12-12,51739,26507,75781
Birmingham Hodge Hill and Solihull North,E14001095,Borough,England,E92000001,West Midlands,E12000005,2019-12-12,41294,12951,76922
Birmingham Ladywood,E14001096,Borough,England,E92000001,West Midlands,E12000005,2019-12-12,44535,32583,76585
Birmingham Northfield,E14001097,Borough,England,E92000001,West Midlands,E12000005,2019-12-12,43692,1478,73483
Birmingham Perry Barr,E14001098,Borough,England,E92000001,West Midlands,E12000005,2019-12-12,46915,22325,74048
Birmingham Selly Oak,E14001099,Borough,England,E92000001,West Midlands,E12000005,2019-12-12,48347,11645,76285
Birmingham Yardley,E14001100,Borough,England,E92000001,West Midlands,E12000005,2019-12-12,41906,13141,71912
Bishop Auckland,E14001101,County,England,E92000001,North East,E12000001,2019-12-12,49511,8113,70879
Blackburn,E14001102,Borough,England,E92000001,North West,E12000002,2019-12-12,43645,18616,70586
Blackley and Middleton South,E14001103,Borough,England,E92000001,North West,E12000002,2019-12-12,37548,11558,71375
Blackpool North and Fleetwood,E14001104,Borough,England,E92000001,North West,E12000002,2019-12-12,50048,10119,75396
Blackpool South,E14001105,Borough,England,E92000001,North West,E12000002,2019-12-12,42414,3700,76071
Blaenau Gwent and Rhymney,W07000084,County,Wales,W92000004,,,2019-12-12,42094,12969,71079
Blaydon and Consett,E14001106,County,England,E92000001,North East,E12000001,2019-12-12,46965,4285,70163
Blyth and Ashington,E14001107,County,England,E92000001,North East,E12000001,2019-12-12,42990,6118,75452
Bognor Regis and Littlehampton,E14001108,Borough,England,E92000001,South East,E12000008,2019-12-12,52510,22682,76985
Bolsover,E14001109,County,England,E92000001,East Midlands,E12000004,2019-12-12,45676,5273,74680
Bolton North East,E14001110,Borough,England,E92000001,North West,E12000002,2019-12-12,49844,1278,77020
Bolton South and Walkden,E14001111,Borough,England,E92000001,North West,E12000002,2019-12-12,43984,10929,75716
Bolton West,E14001112,County,England,E92000001,North West,E12000002,2019-12-12,49868,10619,72125
Bootle,E14001113,Borough,England,E92000001,North West,E12000002,2019-12-12,49174,34556,75194
Boston and Skegness,E14001114,County,England,E92000001,East Midlands,E12000004,2019-12-12,45018,27402,75806
Bournemouth East,E14001115,Borough,England,E92000001,South West,E12000009,2019-12-12,49328,8817,73173
Bournemouth West,E14001116,Borough,England,E92000001,South West,E12000009,2019-12-12,45752,9941,72094
Bracknell,E14001117,Borough,England,E92000001,South East,E12000008,2019-12-12,46888,14129,70247
Bradford East,E14001118,Borough,England,E92000001,Yorkshire and The Humber,E12000003,2019-12-12,43036,17761,72150
Bradford South,E14001119,Borough,England,E92000001,Yorkshire and The Humber,E12000003,2019-12-12,40889,2729,70890
Bradford West,E14001120,Borough,England,E92000001,Yorkshire and The Humber,E12000003,2019-12-12,44261,27019,71258
Braintree,E14001121,County,England,E92000001,East of England,E12000006,2019-12-12,51675,25466,75662
"Brecon, Radnor and Cwm Tawe",W07000085,County,Wales,W92000004,,,2019-12-12,52276,9091,72113
Brent East,E14001122,Borough,England,E92000001,London,E12000007,2019-12-12,44017,17756,75880
Brent West,E14001123,Borough,England,E92000001,London,E12000007,2019-12-12,48407,9431,76463
Brentford and Isleworth,E14001124,Borough,England,E92000001,London,E12000007,2019-12-12,51615,11369,76354
Brentwood and Ongar,E14001125,County,England,E92000001,East of England,E12000006,2019-12-12,52816,28974,74937
Bridgend,W07000086,County,Wales,W92000004,,,2019-12-12,46708,2553,70770
Bridgwater,E14001126,County,England,E92000001,South West,E12000009,2019-12-12,45004,16724,71418
Bridlington and The Wolds,E14001127,County,England,E92000001,Yorkshire and The Humber,E12000003,2019-12-12,46440,21685,72501
Brigg and Immingham,E14001128,County,England,E92000001,Yorkshire and The Humber,E12000003,2019-12-12,47245,24444,71628
Brighton Kemptown and Peacehaven,E14001129,Borough,England,E92000001,South East,E12000008,2019-12-12,49430,8280,69865
Brighton Pavilion,E14001130,Borough,England,E92000001,South East,E12000008,2019-12-12,57101,19630,75722
Bristol Central,E14001131,Borough,England,E92000001,South West,E12000009,2019-12-12,51427,16696,70227
Bristol East,E14001132,Borough,England,E92000001,South West,E12000009,2019-12-12,55286,19393,75936
Bristol North East,E14001133,Borough,England,E92000001,South West,E12000009,2019-12-12,48905,5464,69793
Bristol North West,E14001134,Borough,England,E92000001,South West,E12000009,2019-12-12,58405,7235,76783
Bristol South,E14001135,Borough,England,E92000001,South West,E12000009,2019-12-12,48268,9077,74696
Broadland and Fakenham,E14001136,County,England,E92000001,East of England,E12000006,2019-12-12,52814,19825,72907
Bromley and Biggin Hill,E14001137,Borough,England,E92000001,London,E12000007,2019-12-12,49058,14380,70418
Bromsgrove,E14001138,County,England,E92000001,West Midlands,E12000005,2019-12-12,54272,23106,75305
Broxbourne,E14001139,County,England,E92000001,East of England,E12000006,2019-12-12,47675,19192,75454
Broxtowe,E14001140,County,England,E92000001,East Midlands,E12000004,2019-12-12,53321,3819,72461
Buckingham and Bletchley,E14001141,County,England,E92000001,South East,E12000008,2019-12-12,52609,13345,73644
Mid Buckinghamshire,E14001360,County,England,E92000001,South East,E12000008,2019-12-12,54223,22648,72240
Burnley,E14001142,County,England,E92000001,North West,E12000002,2019-12-12,47102,127,75436
Burton and Uttoxeter,E14001143,County,England,E92000001,West Midlands,E12000005,2019-12-12,48738,14496,75460
Bury North,E14001144,Borough,England,E92000001,North West,E12000002,2019-12-12,53470,1282,77009
Bury South,E14001145,Borough,England,E92000001,North West,E12000002,2019-12-12,49634,935,74598
Bury St Edmunds and Stowmarket,E14001146,County,England,E92000001,East of England,E12000006,2019-12-12,52481,22085,75655
Caerfyrddin,W07000087,County,Wales,W92000004,,,2019-12-12,53342,4529,72683
Caerphilly,W07000088,County,Wales,W92000004,,,2019-12-12,45069,6901,72458
"Caithness, Sutherland and Easter Ross",S14000069,County,Scotland,S92000003,,,2019-12-12,52720,2788,75173
Calder Valley,E14001147,County,England,E92000001,Yorkshire and The Humber,E12000003,2019-12-12,56454,5107,75987
Camborne and Redruth,E14001148,County,England,E92000001,South West,E12000009,2019-12-12,51581,9848,73568
Cambridge,E14001149,Borough,England,E92000001,East of England,E12000006,2019-12-12,49740,8099,72560
North East Cambridgeshire,E14001390,County,England,E92000001,East of England,E12000006,2019-12-12,44584,25779,70806
North West Cambridgeshire,E14001401,County,England,E92000001,East of England,E12000006,2019-12-12,47032,17032,73556
South Cambridgeshire,E14001481,County,England,E92000001,East of England,E12000006,2019-12-12,60078,1498,75484
Cannock Chase,E14001150,County,England,E92000001,West Midlands,E12000005,2019-12-12,46313,19879,75582
Canterbury,E14001151,County,England,E92000001,South East,E12000008,2019-12-12,57166,2160,75499
Cardiff East,W07000089,Borough,Wales,W92000004,,,2019-12-12,46781,17079,72463
Cardiff North,W07000090,Borough,Wales,W92000004,,,2019-12-12,54709,7579,71143
Cardiff South and Penarth,W07000091,Borough,Wales,W92000004,,,2019-12-12,50370,11851,72269
Cardiff West,W07000092,Borough,Wales,W92000004,,,2019-12-12,51941,10546,73947
Carlisle,E14001152,County,England,E92000001,North West,E12000002,2019-12-12,51240,11290,75868
Carshalton and Wallington,E14001153,Borough,England,E92000001,London,E12000007,2019-12-12,49098,629,72755
Castle Point,E14001154,Borough,England,E92000001,East of England,E12000006,2019-12-12,45217,27009,70923
Ceredigion Preseli,W07000093,County,Wales,W92000004,,,2019-12-12,51667,1443,74063
Chatham and Aylesford,E14001157,County,England,E92000001,South East,E12000008,2019-12-12,45809,18992,74840
Cheadle,E14001158,Borough,England,E92000001,North West,E12000002,2019-12-12,55903,2336,73775
Chelmsford,E14001159,Borough,England,E92000001,East of England,E12000006,2019-12-12,53826,15416,76454
Chelsea and Fulham,E14001160,Borough,England,E92000001,London,E12000007,2019-12-12,54781,8993,76481
Cheltenham,E14001161,Borough,England,E92000001,South West,E12000009,2019-12-12,56883,1421,75292
Chesham and Amersham,E14001162,County,England,E92000001,South East,E12000008,2019-12-12,53711,18216,74155
Mid Cheshire,E14001361,County,England,E92000001,North West,E12000002,2019-12-12,46907,2494,69775
Chester North and Neston,E14001163,County,England,E92000001,North West,E12000002,2019-12-12,53924,6391,72327
Chester South and Eddisbury,E14001164,County,England,E92000001,North West,E12000002,2019-12-12,55209,20826,71975
Chesterfield,E14001165,Borough,England,E92000001,East Midlands,E12000004,2019-12-12,45186,1451,70722
Chichester,E14001166,County,England,E92000001,South East,E12000008,2019-12-12,51022,19622,76765
Chingford and Woodford Green,E14001167,Borough,England,E92000001,London,E12000007,2019-12-12,54606,1604,75677
Chippenham,E14001168,County,England,E92000001,South West,E12000009,2019-12-12,50519,13200,71648
Chipping Barnet,E14001169,Borough,England,E92000001,London,E12000007,2019-12-12,58422,4209,76187
Chorley,E14001170,County,England,E92000001,North West,E12000002,2019-12-12,39870,17392,74568
Christchurch,E14001171,County,England,E92000001,South West,E12000009,2019-12-12,51890,25034,71598
Cities of London and Westminster,E14001172,Borough,England,E92000001,London,E12000007,2019-12-12,52116,5976,73140
Clacton,E14001174,County,England,E92000001,East of England,E12000006,2019-12-12,45669,25717,75959
Clapham and Brixton Hill,E14001175,Borough,England,E92000001,London,E12000007,2019-12-12,48632,17291,75460
Clwyd East,W07000094,County,Wales,W92000004,,,2019-12-12,52820,5284,76395
Clwyd North,W07000095,County,Wales,W92000004,,,2019-12-12,51289,2834,76150
Coatbridge and Bellshill,S14000070,Burgh,Scotland,S92000003,,,2019-12-12,45896,5084,72507
Colchester,E14001176,Borough,England,E92000001,East of England,E12000006,2019-12-12,49091,10940,76843
Colne Valley,E14001177,County,England,E92000001,Yorkshire and The Humber,E12000003,2019-12-12,51765,7761,71518
Congleton,E14001178,County,England,E92000001,North West,E12000002,2019-12-12,49813,18203,69836
Corby and East Northamptonshire,E14001179,County,England,E92000001,East Midlands,E12000004,2019-12-12,53890,8676,76748
North Cornwall,E14001385,County,England,E92000001,South West,E12000009,2019-12-12,54077,15783,75034
South East Cornwall,E14001486,County,England,E92000001,South West,E12000009,2019-12-12,52247,20225,71734
North Cotswolds,E14001386,County,England,E92000001,South West,E12000009,2019-12-12,50793,20997,70915
South Cotswolds,E14001482,County,England,E92000001,South West,E12000009,2019-12-12,53189,16092,72865
Coventry East,E14001180,Borough,England,E92000001,West Midlands,E12000005,2019-12-12,42684,7288,73389
Coventry North West,E14001181,Borough,England,E92000001,West Midlands,E12000005,2019-12-12,47744,208,73431
Coventry South,E14001182,Borough,England,E92000001,West Midlands,E12000005,2019-12-12,46805,808,70998
Cowdenbeath and Kirkcaldy,S14000071,County,Scotland,S92000003,,,2019-12-12,47148,3220,70329
Cramlington and Killingworth,E14001183,County,England,E92000001,North East,E12000001,2019-12-12,48072,2157,73295
Crawley,E14001184,Borough,England,E92000001,South East,E12000008,2019-12-12,49899,8360,74446
Crewe and Nantwich,E14001185,County,England,E92000001,North West,E12000002,2019-12-12,50196,5816,76236
Croydon East,E14001186,Borough,England,E92000001,London,E12000007,2019-12-12,50622,3413,75346
Croydon South,E14001187,Borough,England,E92000001,London,E12000007,2019-12-12,50894,13408,71541
Croydon West,E14001188,Borough,England,E92000001,London,E12000007,2019-12-12,44449,20090,70812
Cumbernauld and Kirkintilloch,S14000072,County,Scotland,S92000003,,,2019-12-12,48212,12005,70579
Dagenham and Rainham,E14001189,Borough,England,E92000001,London,E12000007,2019-12-12,43992,706,73627
Darlington,E14001190,County,England,E92000001,North East,E12000001,2019-12-12,46301,4968,70446
Dartford,E14001191,County,England,E92000001,South East,E12000008,2019-12-12,46488,14704,72048
Daventry,E14001192,County,England,E92000001,East Midlands,E12000004,2019-12-12,56956,26612,76539
Derby North,E14001193,Borough,England,E92000001,East Midlands,E12000004,2019-12-12,47017,2540,71876
Derby South,E14001194,Borough,England,E92000001,East Midlands,E12000004,2019-12-12,42462,6019,72067
Derbyshire Dales,E14001195,County,England,E92000001,East Midlands,E12000004,2019-12-12,53930,18797,71435
Mid Derbyshire,E14001362,County,England,E92000001,East Midlands,E12000004,2019-12-12,51582,16816,70085
North East Derbyshire,E14001391,County,England,E92000001,East Midlands,E12000004,2019-12-12,49479,12902,72344
South Derbyshire,E14001483,County,England,E92000001,East Midlands,E12000004,2019-12-12,47199,16483,71202
Central Devon,E14001155,County,England,E92000001,South West,E12000009,2019-12-12,56724,17300,73491
North Devon,E14001387,County,England,E92000001,South West,E12000009,2019-12-12,55581,14813,76455
South Devon,E14001484,County,England,E92000001,South West,E12000009,2019-12-12,54189,13719,71691
South West Devon,E14001495,County,England,E92000001,South West,E12000009,2019-12-12,56100,23090,75371
Dewsbury and Batley,E14001196,Borough,England,E92000001,Yorkshire and The Humber,E12000003,2019-12-12,46101,14009,70226
Didcot and Wantage,E14001197,County,England,E92000001,South East,E12000008,2019-12-12,54346,10023,74356
Doncaster Central,E14001198,County,England,E92000001,Yorkshire and The Humber,E12000003,2019-12-12,46043,1271,75007
Doncaster East and the Isle of Axholme,E14001199,County,England,E92000001,Yorkshire and The Humber,E12000003,2019-12-12,43084,10085,70113
Doncaster North,E14001200,County,England,E92000001,Yorkshire and The Humber,E12000003,2019-12-12,40070,2070,71739
Dorking and Horley,E14001201,County,England,E92000001,South East,E12000008,2019-12-12,54495,10381,70317
Mid Dorset and North Poole,E14001363,County,England,E92000001,South West,E12000009,2019-12-12,54907,16570,74305
North Dorset,E14001388,County,England,E92000001,South West,E12000009,2019-12-12,53464,23195,72109
South Dorset,E14001485,County,England,E92000001,South West,E12000009,2019-12-12,52719,18147,76640
West Dorset,E14001575,County,England,E92000001,South West,E12000009,2019-12-12,57813,12388,75390
Dover and Deal,E14001202,County,England,E92000001,South East,E12000008,2019-12-12,51197,12421,75855
Droitwich and Evesham,E14001203,County,England,E92000001,West Midlands,E12000005,2019-12-12,52689,25631,74345
Dudley,E14001204,Borough,England,E92000001,West Midlands,E12000005,2019-12-12,42224,13609,71083
Dulwich and West Norwood,E14001205,Borough,England,E92000001,London,E12000007,2019-12-12,52194,24963,74314
Dumfries and Galloway,S14000073,County,Scotland,S92000003,,,2019-12-12,52500,1556,76863
"Dumfriesshire, Clydesdale and Tweeddale",S14000074,County,Scotland,S92000003,,,2019-12-12,50896,4338,70738
Mid Dunbartonshire,S14000097,County,Scotland,S92000003,,,2019-12-12,58552,1986,75099
West Dunbartonshire,S14000106,County,Scotland,S92000003,,,2019-12-12,46615,9841,70286
Dundee Central,S14000075,Burgh,Scotland,S92000003,,,2019-12-12,46651,15221,75298
Dunfermline and Dollar,S14000076,County,Scotland,S92000003,,,2019-12-12,48619,10073,70725
Dunstable and Leighton Buzzard,E14001206,County,England,E92000001,East of England,E12000006,2019-12-12,48270,15386,74069
North Durham,E14001389,County,England,E92000001,North East,E12000001,2019-12-12,47798,4424,73079
City of Durham,E14001173,County,England,E92000001,North East,E12000001,2019-12-12,51289,4657,72878
Dwyfor Meirionnydd,W07000096,County,Wales,W92000004,,,2019-12-12,50518,9880,72533
Ealing Central and Acton,E14001207,Borough,England,E92000001,London,E12000007,2019-12-12,52985,14133,75399
Ealing North,E14001208,Borough,England,E92000001,London,E12000007,2019-12-12,48764,11908,72985
Ealing Southall,E14001209,Borough,England,E92000001,London,E12000007,2019-12-12,50998,18266,75085
Earley and Woodley,E14001210,Borough,England,E92000001,South East,E12000008,2019-12-12,51110,11293,70083
Easington,E14001211,County,England,E92000001,North East,E12000001,2019-12-12,39848,7852,70043
East Grinstead and Uckfield,E14001212,County,England,E92000001,South East,E12000008,2019-12-12,57231,20291,72356
East Ham,E14001213,Borough,England,E92000001,London,E12000007,2019-12-12,47247,29863,70902
East Kilbride and Strathaven,S14000077,County,Scotland,S92000003,,,2019-12-12,51684,13169,75161
Eastbourne,E14001219,Borough,England,E92000001,South East,E12000008,2019-12-12,51259,2168,73322
Eastleigh,E14001220,Borough,England,E92000001,South East,E12000008,2019-12-12,49572,8641,69982
Edinburgh East and Musselburgh,S14000078,Burgh,Scotland,S92000003,,,2019-12-12,52253,11796,75705
Edinburgh North and Leith,S14000079,Burgh,Scotland,S92000003,,,2019-12-12,58855,12983,76770
Edinburgh South,S14000080,Burgh,Scotland,S92000003,,,2019-12-12,53029,10795,70980
Edinburgh South West,S14000081,Burgh,Scotland,S92000003,,,2019-12-12,52131,11982,73315
Edinburgh West,S14000082,Burgh,Scotland,S92000003,,,2019-12-12,55024,2888,76723
Edmonton and Winchmore Hill,E14001221,Borough,England,E92000001,London,E12000007,2019-12-12,48247,13067,75204
Ellesmere Port and Bromborough,E14001222,Borough,England,E92000001,North West,E12000002,2019-12-12,45216,14577,71027
Eltham and Chislehurst,E14001223,Borough,England,E92000001,London,E12000007,2019-12-12,51087,3444,74179
Ely and East Cambridgeshire,E14001224,County,England,E92000001,East of England,E12000006,2019-12-12,54465,13449,76279
Enfield North,E14001225,Borough,England,E92000001,London,E12000007,2019-12-12,50808,8853,76824
Epping Forest,E14001226,County,England,E92000001,East of England,E12000006,2019-12-12,50268,22173,74553
Epsom and Ewell,E14001227,Borough,England,E92000001,South East,E12000008,2019-12-12,57397,16856,76844
Erewash,E14001228,County,England,E92000001,East Midlands,E12000004,2019-12-12,48814,10606,71986
Erith and Thamesmead,E14001229,Borough,England,E92000001,London,E12000007,2019-12-12,43085,12988,76728
Esher and Walton,E14001230,Borough,England,E92000001,South East,E12000008,2019-12-12,56178,3015,73280
North West Essex,E14001402,County,England,E92000001,East of England,E12000006,2019-12-12,55277,23227,76280
Exeter,E14001231,Borough,England,E92000001,South West,E12000009,2019-12-12,48358,10988,71713
Exmouth and Exeter East,E14001232,County,England,E92000001,South West,E12000009,2019-12-12,55832,8809,74502
Falkirk,S14000083,County,Scotland,S92000003,,,2019-12-12,48713,12578,75067
Fareham and Waterlooville,E14001233,County,England,E92000001,South East,E12000008,2019-12-12,50378,21276,77036
Farnham and Bordon,E14001234,County,England,E92000001,South East,E12000008,2019-12-12,51141,13577,72938
Faversham and Mid Kent,E14001235,County,England,E92000001,South East,E12000008,2019-12-12,48215,20618,71798
Feltham and Heston,E14001236,Borough,England,E92000001,London,E12000007,2019-12-12,43883,6993,75226
Fermanagh and South Tyrone,N05000007,County,Northern Ireland,N92000002,,,2019-12-12,51635,510,74643
North East Fife,S14000100,County,Scotland,S92000003,,,2019-12-12,52183,728,70452
Filton and Bradley Stoke,E14001237,Borough,England,E92000001,South West,E12000009,2019-12-12,51495,7842,73598
Finchley and Golders Green,E14001238,Borough,England,E92000001,London,E12000007,2019-12-12,55412,6629,75761
Folkestone and Hythe,E14001239,County,England,E92000001,South East,E12000008,2019-12-12,44795,13239,70023
Forest of Dean,E14001240,County,England,E92000001,South West,E12000009,2019-12-12,51475,15869,71510
Foyle,N05000008,County,Northern Ireland,N92000002,,,2019-12-12,44276,16413,69890
Frome and East Somerset,E14001241,County,England,E92000001,South West,E12000009,2019-12-12,47970,12395,70177
Fylde,E14001242,County,England,E92000001,North West,E12000002,2019-12-12,51947,19254,75114
Gainsborough,E14001243,County,England,E92000001,East Midlands,E12000004,2019-12-12,49122,22172,74750
Gateshead Central and Whickham,E14001244,Borough,England,E92000001,North East,E12000001,2019-12-12,42021,5911,70994
Gedling,E14001245,County,England,E92000001,East Midlands,E12000004,2019-12-12,54100,2407,75795
Gillingham and Rainham,E14001246,Borough,England,E92000001,South East,E12000008,2019-12-12,45958,15119,73951
Glasgow East,S14000084,Burgh,Scotland,S92000003,,,2019-12-12,41185,6276,69748
Glasgow North,S14000085,Burgh,Scotland,S92000003,,,2019-12-12,41539,5582,73210
Glasgow North East,S14000086,Burgh,Scotland,S92000003,,,2019-12-12,42673,4277,75236
Glasgow South,S14000087,Burgh,Scotland,S92000003,,,2019-12-12,48548,9151,71344
Glasgow South West,S14000088,Burgh,Scotland,S92000003,,,2019-12-12,43023,5533,70431
Glasgow West,S14000089,Burgh,Scotland,S92000003,,,2019-12-12,47262,9728,72499
Glastonbury and Somerton,E14001247,County,England,E92000001,South West,E12000009,2019-12-12,53194,14183,70015
Glenrothes and Mid Fife,S14000090,County,Scotland,S92000003,,,2019-12-12,42278,9352,69734
Gloucester,E14001248,Borough,England,E92000001,South West,E12000009,2019-12-12,51093,9880,76695
Godalming and Ash,E14001249,County,England,E92000001,South East,E12000008,2019-12-12,55674,10720,71399
Goole and Pocklington,E14001250,County,England,E92000001,Yorkshire and The Humber,E12000003,2019-12-12,49901,22302,76337
Gordon and Buchan,S14000091,County,Scotland,S92000003,,,2019-12-12,47591,3224,70238
Gorton and Denton,E14001251,Borough,England,E92000001,North West,E12000002,2019-12-12,45828,22175,74306
Gosport,E14001252,Borough,England,E92000001,South East,E12000008,2019-12-12,48453,23278,73763
Gower,W07000097,County,Wales,W92000004,,,2019-12-12,54231,3181,76801
Grantham and Bourne,E14001253,County,England,E92000001,East Midlands,E12000004,2019-12-12,48852,22393,72071
Gravesham,E14001254,County,England,E92000001,South East,E12000008,2019-12-12,47560,15581,72866
Great Grimsby and Cleethorpes,E14001255,Borough,England,E92000001,Yorkshire and The Humber,E12000003,2019-12-12,41675,9759,77050
Great Yarmouth,E14001256,County,England,E92000001,East of England,E12000006,2019-12-12,43462,17663,70077
Greenwich and Woolwich,E14001257,Borough,England,E92000001,London,E12000007,2019-12-12,47340,15283,69824
Guildford,E14001258,County,England,E92000001,South East,E12000008,2019-12-12,52584,3117,71367
Hackney North and Stoke Newington,E14001259,Borough,England,E92000001,London,E12000007,2019-12-12,51356,29162,75401
Hackney South and Shoreditch,E14001260,Borough,England,E92000001,London,E12000007,2019-12-12,47817,30141,75197
Halesowen,E14001261,Borough,England,E92000001,West Midlands,E12000005,2019-12-12,43724,12082,69907
Halifax,E14001262,Borough,England,E92000001,Yorkshire and The Humber,E12000003,2019-12-12,47797,1902,74563
Hamble Valley,E14001263,County,England,E92000001,South East,E12000008,2019-12-12,57041,23488,76902
Hamilton and Clyde Valley,S14000092,County,Scotland,S92000003,,,2019-12-12,47421,7758,74577
Hammersmith and Chiswick,E14001264,Borough,England,E92000001,London,E12000007,2019-12-12,53277,10823,74746
East Hampshire,E14001214,County,England,E92000001,South East,E12000008,2019-12-12,54175,20200,69959
North East Hampshire,E14001392,County,England,E92000001,South East,E12000008,2019-12-12,56730,22433,73306
North West Hampshire,E14001403,County,England,E92000001,South East,E12000008,2019-12-12,51687,21507,76004
Hampstead and Highgate,E14001265,Borough,England,E92000001,London,E12000007,2019-12-12,57387,13400,74222
"Harborough, Oadby and Wigston",E14001266,County,England,E92000001,East Midlands,E12000004,2019-12-12,52585,15608,74810
Harlow,E14001267,County,England,E92000001,East of England,E12000006,2019-12-12,47360,16694,73479
Harpenden and Berkhamsted,E14001268,County,England,E92000001,East of England,E12000006,2019-12-12,55738,15044,71635
Harrogate and Knaresborough,E14001269,County,England,E92000001,Yorkshire and The Humber,E12000003,2019-12-12,55543,8787,75800
Harrow East,E14001270,Borough,England,E92000001,London,E12000007,2019-12-12,52287,8987,76299
Harrow West,E14001271,Borough,England,E92000001,London,E12000007,2019-12-12,49793,9098,74060
Hartlepool,E14001272,County,England,E92000001,North East,E12000001,2019-12-12,41037,3595,71228
Harwich and North Essex,E14001273,County,England,E92000001,East of England,E12000006,2019-12-12,54084,17651,74838
Hastings and Rye,E14001274,County,England,E92000001,South East,E12000008,2019-12-12,52566,3532,75581
Havant,E14001275,Borough,England,E92000001,South East,E12000008,2019-12-12,45959,21792,72766
Hayes and Harlington,E14001276,Borough,England,E92000001,London,E12000007,2019-12-12,43994,9261,72897
Hazel Grove,E14001277,County,England,E92000001,North West,E12000002,2019-12-12,50441,4219,72941
Hemel Hempstead,E14001278,County,England,E92000001,East of England,E12000006,2019-12-12,49065,13161,70496
Hendon,E14001279,Borough,England,E92000001,London,E12000007,2019-12-12,45593,3661,71496
Henley and Thame,E14001280,County,England,E92000001,South East,E12000008,2019-12-12,53842,11901,70626
Hereford and South Herefordshire,E14001281,County,England,E92000001,West Midlands,E12000005,2019-12-12,46266,19321,71125
North Herefordshire,E14001395,County,England,E92000001,West Midlands,E12000005,2019-12-12,54413,25719,70894
Herne Bay and Sandwich,E14001282,County,England,E92000001,South East,E12000008,2019-12-12,50962,20372,76028
Hertford and Stortford,E14001283,County,England,E92000001,East of England,E12000006,2019-12-12,55635,17806,75396
North East Hertfordshire,E14001393,County,England,E92000001,East of England,E12000006,2019-12-12,55327,18189,76849
South West Hertfordshire,E14001496,County,England,E92000001,East of England,E12000006,2019-12-12,50878,17623,71552
Hertsmere,E14001284,County,England,E92000001,East of England,E12000006,2019-12-12,52513,22980,73256
Hexham,E14001285,County,England,E92000001,North East,E12000001,2019-12-12,53945,12186,72738
Heywood and Middleton North,E14001286,County,England,E92000001,North West,E12000002,2019-12-12,42446,680,73306
High Peak,E14001287,County,England,E92000001,East Midlands,E12000004,2019-12-12,54173,590,73960
Hinckley and Bosworth,E14001288,County,England,E92000001,East Midlands,E12000004,2019-12-12,49192,22851,75683
Hitchin,E14001289,County,England,E92000001,East of England,E12000006,2019-12-12,54061,11264,72112
Holborn and St Pancras,E14001290,Borough,England,E92000001,London,E12000007,2019-12-12,44582,22766,75475
Honiton and Sidmouth,E14001291,County,England,E92000001,South West,E12000009,2019-12-12,56809,26229,74365
Hornchurch and Upminster,E14001292,Borough,England,E92000001,London,E12000007,2019-12-12,51053,21735,76938
Hornsey and Friern Barnet,E14001293,Borough,England,E92000001,London,E12000007,2019-12-12,52535,16607,70565
Horsham,E14001294,County,England,E92000001,South East,E12000008,2019-12-12,55850,17353,76981
Houghton and Sunderland South,E14001295,County,England,E92000001,North East,E12000001,2019-12-12,43798,3271,76883
Hove and Portslade,E14001296,Borough,England,E92000001,South East,E12000008,2019-12-12,56391,17044,73726
Huddersfield,E14001297,Borough,England,E92000001,Yorkshire and The Humber,E12000003,2019-12-12,49360,7441,76044
Kingston upon Hull East,E14001313,Borough,England,E92000001,Yorkshire and The Humber,E12000003,2019-12-12,33953,2495,72622
Kingston upon Hull North and Cottingham,E14001314,Borough,England,E92000001,Yorkshire and The Humber,E12000003,2019-12-12,44941,5922,76039
Kingston upon Hull West and Haltemprice,E14001315,Borough,England,E92000001,Yorkshire and The Humber,E12000003,2019-12-12,41631,3626,74321
Huntingdon,E14001298,County,England,E92000001,East of England,E12000006,2019-12-12,56317,21645,75590
Hyndburn,E14001299,County,England,E92000001,North West,E12000002,2019-12-12,42406,2951,71145
Ilford North,E14001300,Borough,England,E92000001,London,E12000007,2019-12-12,51761,9030,74684
Ilford South,E14001301,Borough,England,E92000001,London,E12000007,2019-12-12,46368,20409,74065
Inverclyde and Renfrewshire West,S14000093,County,Scotland,S92000003,,,2019-12-12,46323,8933,70418
"Inverness, Skye and West Ross-shire",S14000094,County,Scotland,S92000003,,,2019-12-12,50783,12865,76903
Ipswich,E14001302,Borough,England,E92000001,East of England,E12000006,2019-12-12,49579,5479,75117
Isle of Wight East,E14001303,County,England,E92000001,South East,E12000008,2019-12-12,36339,12119,56805
Isle of Wight West,E14001304,County,England,E92000001,South East,E12000008,2019-12-12,38103,11618,54911
Islington North,E14001305,Borough,England,E92000001,London,E12000007,2019-12-12,53805,26188,73970
Islington South and Finsbury,E14001306,Borough,England,E92000001,London,E12000007,2019-12-12,52143,19458,75905
Jarrow and Gateshead East,E14001307,Borough,England,E92000001,North East,E12000001,2019-12-12,40506,10317,71106
Keighley and Ilkley,E14001308,County,England,E92000001,Yorkshire and The Humber,E12000003,2019-12-12,52600,2218,72954
Kenilworth and Southam,E14001309,County,England,E92000001,West Midlands,E12000005,2019-12-12,55779,22303,71451
Kensington and Bayswater,E14001310,Borough,England,E92000001,London,E12000007,2019-12-12,54813,390,75980
Kettering,E14001311,County,England,E92000001,East Midlands,E12000004,2019-12-12,52037,17363,76163
Kilmarnock and Loudoun,S14000040,County,Scotland,S92000003,,,2019-12-12,47631,12659,74801
Kingston and Surbiton,E14001312,Borough,England,E92000001,London,E12000007,2019-12-12,57095,11174,75410
Kingswinford and South Staffordshire,E14001316,County,England,E92000001,West Midlands,E12000005,2019-12-12,51047,29355,71896
Knowsley,E14001317,Borough,England,E92000001,North West,E12000002,2019-12-12,46419,32901,71228
Lagan Valley,N05000009,County,Northern Ireland,N92000002,,,2019-12-12,45707,7475,76332
West Lancashire,E14001577,County,England,E92000001,North West,E12000002,2019-12-12,52663,8336,73652
Lancaster and Wyre,E14001318,County,England,E92000001,North West,E12000002,2019-12-12,49382,3012,74992
Leeds Central and Headingley,E14001319,Borough,England,E92000001,Yorkshire and The Humber,E12000003,2019-12-12,43662,19879,75396
Leeds East,E14001320,County,England,E92000001,Yorkshire and The Humber,E12000003,2019-12-12,44451,2723,75330
Leeds North East,E14001321,Borough,England,E92000001,Yorkshire and The Humber,E12000003,2019-12-12,50500,17089,70976
Leeds North West,E14001322,County,England,E92000001,Yorkshire and The Humber,E12000003,2019-12-12,55672,2001,71607
Leeds South,E14001323,Borough,England,E92000001,Yorkshire and The Humber,E12000003,2019-12-12,43249,13886,74726
Leeds South West and Morley,E14001324,Borough,England,E92000001,Yorkshire and The Humber,E12000003,2019-12-12,43602,7114,71376
Leeds West and Pudsey,E14001325,Borough,England,E92000001,Yorkshire and The Humber,E12000003,2019-12-12,47968,2963,70270
Leicester East,E14001326,Borough,England,E92000001,East Midlands,E12000004,2019-12-12,48240,5999,76465
Leicester South,E14001327,Borough,England,E92000001,East Midlands,E12000004,2019-12-12,47508,22023,71007
Leicester West,E14001328,Borough,England,E92000001,East Midlands,E12000004,2019-12-12,38595,4882,72848
Mid Leicestershire,E14001364,County,England,E92000001,East Midlands,E12000004,2019-12-12,55193,20188,76173
North West Leicestershire,E14001404,County,England,E92000001,East Midlands,E12000004,2019-12-12,50594,18548,75373
South Leicestershire,E14001488,County,England,E92000001,East Midlands,E12000004,2019-12-12,54786,25534,75634
Leigh and Atherton,E14001329,Borough,England,E92000001,North West,E12000002,2019-12-12,44283,293,76363
Lewes,E14001330,County,England,E92000001,South East,E12000008,2019-12-12,55580,4126,75091
Lewisham East,E14001331,Borough,England,E92000001,London,E12000007,2019-12-12,46832,19979,71706
Lewisham North,E14001332,Borough,England,E92000001,London,E12000007,2019-12-12,50586,28949,73504
Lewisham West and East Dulwich,E14001333,Borough,England,E92000001,London,E12000007,2019-12-12,46226,23823,69904
Leyton and Wanstead,E14001334,Borough,England,E92000001,London,E12000007,2019-12-12,48865,21121,71330
Lichfield,E14001335,County,England,E92000001,West Midlands,E12000005,2019-12-12,52465,22609,73844
Lincoln,E14001336,Borough,England,E92000001,East Midlands,E12000004,2019-12-12,50629,3514,74128
Liverpool Garston,E14001337,Borough,England,E92000001,North West,E12000002,2019-12-12,49096,28728,70372
Liverpool Riverside,E14001338,Borough,England,E92000001,North West,E12000002,2019-12-12,42416,32800,70157
Liverpool Walton,E14001339,Borough,England,E92000001,North West,E12000002,2019-12-12,46551,33729,71181
Liverpool Wavertree,E14001340,Borough,England,E92000001,North West,E12000002,2019-12-12,51466,31926,71076
Liverpool West Derby,E14001341,Borough,England,E92000001,North West,E12000002,2019-12-12,46648,32321,70730
Livingston,S14000095,County,Scotland,S92000003,,,2019-12-12,49254,12424,75454
Llanelli,W07000098,County,Wales,W92000004,,,2019-12-12,43892,3793,69895
East Londonderry,N05000006,County,Northern Ireland,N92000002,,,2019-12-12,41101,9707,72213
Lothian East,S14000096,County,Scotland,S92000003,,,2019-12-12,50777,2207,71287
Loughborough,E14001342,County,England,E92000001,East Midlands,E12000004,2019-12-12,51597,6091,73902
Louth and Horncastle,E14001343,County,England,E92000001,East Midlands,E12000004,2019-12-12,50933,27883,75959
Lowestoft,E14001344,County,England,E92000001,East of England,E12000006,2019-12-12,45386,14850,73967
Luton North,E14001345,Borough,England,E92000001,East of England,E12000006,2019-12-12,44590,8740,73266
Luton South and South Bedfordshire,E14001346,County,England,E92000001,East of England,E12000006,2019-12-12,45100,6066,70197
Macclesfield,E14001347,County,England,E92000001,North West,E12000002,2019-12-12,53867,10711,75881
Maidenhead,E14001348,County,England,E92000001,South East,E12000008,2019-12-12,50914,17101,73463
Maidstone and Malling,E14001349,County,England,E92000001,South East,E12000008,2019-12-12,48907,19448,73084
Makerfield,E14001350,Borough,England,E92000001,North West,E12000002,2019-12-12,45138,4955,76517
Maldon,E14001351,County,England,E92000001,East of England,E12000006,2019-12-12,53704,32001,76794
Manchester Central,E14001352,Borough,England,E92000001,North West,E12000002,2019-12-12,40480,17970,75311
Manchester Rusholme,E14001353,Borough,England,E92000001,North West,E12000002,2019-12-12,40149,27901,70692
Manchester Withington,E14001354,Borough,England,E92000001,North West,E12000002,2019-12-12,49794,25297,71614
Mansfield,E14001355,County,England,E92000001,East Midlands,E12000004,2019-12-12,47745,16247,74680
Melksham and Devizes,E14001356,County,England,E92000001,South West,E12000009,2019-12-12,55764,17028,71823
Melton and Syston,E14001357,County,England,E92000001,East Midlands,E12000004,2019-12-12,47792,19004,71615
Meriden and Solihull East,E14001358,County,England,E92000001,West Midlands,E12000005,2019-12-12,48778,20270,75309
Merthyr Tydfil and Aberdare,W07000099,County,Wales,W92000004,,,2019-12-12,43106,13410,74805
Middlesbrough and Thornaby East,E14001367,Borough,England,E92000001,North East,E12000001,2019-12-12,37589,11141,71742
Middlesbrough South and East Cleveland,E14001368,County,England,E92000001,North East,E12000001,2019-12-12,45023,10299,69967
Midlothian,S14000045,County,Scotland,S92000003,,,2019-12-12,48221,5705,71210
Milton Keynes Central,E14001369,Borough,England,E92000001,South East,E12000008,2019-12-12,52650,4952,76708
Milton Keynes North,E14001370,County,England,E92000001,South East,E12000008,2019-12-12,48284,6327,70620
Mitcham and Morden,E14001371,Borough,England,E92000001,London,E12000007,2019-12-12,51633,15879,76877
Monmouthshire,W07000101,County,Wales,W92000004,,,2019-12-12,52872,10837,72681
Montgomeryshire and Glyndwr,W07000102,County,Wales,W92000004,,,2019-12-12,51208,14765,74223
"Moray West, Nairn and Strathspey",S14000098,County,Scotland,S92000003,,,2019-12-12,56272,2906,76237
Morecambe and Lunesdale,E14001372,County,England,E92000001,North West,E12000002,2019-12-12,55652,14188,76040
"Motherwell, Wishaw and Carluke",S14000099,County,Scotland,S92000003,,,2019-12-12,44919,8294,72318
Na h-Eileanan an Iar,S14000027,County,Scotland,S92000003,,,2019-12-12,14477,2438,21177
Neath and Swansea East,W07000103,County,Wales,W92000004,,,2019-12-12,44824,8451,74705
New Forest East,E14001373,County,England,E92000001,South East,E12000008,2019-12-12,50786,25251,73823
New Forest West,E14001374,County,England,E92000001,South East,E12000008,2019-12-12,50306,24403,71009
Newark,E14001375,County,England,E92000001,East Midlands,E12000004,2019-12-12,55387,21697,76478
Newbury,E14001376,County,England,E92000001,South East,E12000008,2019-12-12,50971,11460,71631
Newcastle upon Tyne Central and West,E14001377,Borough,England,E92000001,North East,E12000001,2019-12-12,48135,15731,76460
Newcastle upon Tyne East and Wallsend,E14001378,Borough,England,E92000001,North East,E12000001,2019-12-12,49963,17793,76875
Newcastle upon Tyne North,E14001379,Borough,England,E92000001,North East,E12000001,2019-12-12,54143,6823,76503
Newcastle-under-Lyme,E14001380,County,England,E92000001,West Midlands,E12000005,2019-12-12,47363,8265,70025
Newport East,W07000104,County,Wales,W92000004,,,2019-12-12,46405,5239,76159
Newport West and Islwyn,W07000105,County,Wales,W92000004,,,2019-12-12,48537,2001,76234
Newry and Armagh,N05000011,County,Northern Ireland,N92000002,,,2019-12-12,46571,9673,74585
Newton Abbot,E14001381,County,England,E92000001,South West,E12000009,2019-12-12,52410,17456,72956
Newton Aycliffe and Spennymoor,E14001382,County,England,E92000001,North East,E12000001,2019-12-12,43372,3408,71299
Mid Norfolk,E14001365,County,England,E92000001,East of England,E12000006,2019-12-12,49110,20388,71060
North Norfolk,E14001396,County,England,E92000001,East of England,E12000006,2019-12-12,51562,14492,70719
North West Norfolk,E14001405,County,England,E92000001,East of England,E12000006,2019-12-12,48569,21077,75200
South Norfolk,E14001489,County,England,E92000001,East of England,E12000006,2019-12-12,51857,17175,69837
South West Norfolk,E14001497,County,England,E92000001,East of England,E12000006,2019-12-12,48049,24180,72496
Normanton and Hemsworth,E14001383,County,England,E92000001,Yorkshire and The Humber,E12000003,2019-12-12,43367,3520,75388
North Down,N05000013,County,Northern Ireland,N92000002,,,2019-12-12,42757,2641,70412
Northampton North,E14001406,Borough,England,E92000001,East Midlands,E12000004,2019-12-12,51084,3932,75713
Northampton South,E14001407,Borough,England,E92000001,East Midlands,E12000004,2019-12-12,49608,13324,71512
South Northamptonshire,E14001490,County,England,E92000001,East Midlands,E12000004,2019-12-12,55827,23671,76555
North Northumberland,E14001397,County,England,E92000001,North East,E12000001,2019-12-12,52740,17306,72541
Norwich North,E14001408,Borough,England,E92000001,East of England,E12000006,2019-12-12,50423,6365,71441
Norwich South,E14001409,Borough,England,E92000001,East of England,E12000006,2019-12-12,51308,12583,73301
Nottingham East,E14001410,Borough,England,E92000001,East Midlands,E12000004,2019-12-12,44806,18942,75327
Nottingham North and Kimberley,E14001411,Borough,England,E92000001,East Midlands,E12000004,2019-12-12,43037,2490,74515
Nottingham South,E14001412,Borough,England,E92000001,East Midlands,E12000004,2019-12-12,45126,10041,76076
Nuneaton,E14001413,County,England,E92000001,West Midlands,E12000005,2019-12-12,45190,13144,70335
Old Bexley and Sidcup,E14001414,Borough,England,E92000001,London,E12000007,2019-12-12,51867,20769,74317
Oldham East and Saddleworth,E14001415,County,England,E92000001,North West,E12000002,2019-12-12,46164,1499,72997
"Oldham West, Chadderton and Royton",E14001416,Borough,England,E92000001,North West,E12000002,2019-12-12,44434,11127,74183
Orkney and Shetland,S14000051,County,Scotland,S92000003,,,2019-12-12,23160,2507,34824
Orpington,E14001417,Borough,England,E92000001,London,E12000007,2019-12-12,48958,20627,71571
Ossett and Denby Dale,E14001418,County,England,E92000001,Yorkshire and The Humber,E12000003,2019-12-12,48608,11027,71595
Oxford East,E14001419,Borough,England,E92000001,South East,E12000008,2019-12-12,45598,15959,72371
Oxford West and Abingdon,E14001420,County,England,E92000001,South East,E12000008,2019-12-12,52915,9577,72004
Paisley and Renfrewshire North,S14000101,Burgh,Scotland,S92000003,,,2019-12-12,46778,11753,69941
Paisley and Renfrewshire South,S14000102,County,Scotland,S92000003,,,2019-12-12,46078,11023,69813
Peckham,E14001421,Borough,England,E92000001,London,E12000007,2019-12-12,44547,26553,71176
Mid and South Pembrokeshire,W07000100,County,Wales,W92000004,,,2019-12-12,54971,8621,76820
Pendle and Clitheroe,E14001422,County,England,E92000001,North West,E12000002,2019-12-12,48510,11568,76941
Penistone and Stocksbridge,E14001423,County,England,E92000001,Yorkshire and The Humber,E12000003,2019-12-12,49520,7210,71377
Penrith and Solway,E14001424,County,England,E92000001,North West,E12000002,2019-12-12,55778,13760,76720
Perth and Kinross-shire,S14000103,County,Scotland,S92000003,,,2019-12-12,56485,2364,76320
Peterborough,E14001425,County,England,E92000001,East of England,E12000006,2019-12-12,47232,2333,72273
Plymouth Moor View,E14001426,Borough,England,E92000001,South West,E12000009,2019-12-12,48152,13262,73378
Plymouth Sutton and Devonport,E14001427,Borough,England,E92000001,South West,E12000009,2019-12-12,49263,5122,73495
"Pontefract, Castleford and Knottingley",E14001428,County,England,E92000001,Yorkshire and The Humber,E12000003,2019-12-12,41268,1082,72751
Pontypridd,W07000106,County,Wales,W92000004,,,2019-12-12,45579,8798,73743
Poole,E14001429,Borough,England,E92000001,South West,E12000009,2019-12-12,48801,18608,72162
Poplar and Limehouse,E14001430,Borough,England,E92000001,London,E12000007,2019-12-12,51665,22047,75814
Portsmouth North,E14001431,Borough,England,E92000001,South East,E12000008,2019-12-12,45910,15780,71844
Portsmouth South,E14001432,Borough,England,E92000001,South East,E12000008,2019-12-12,47425,5363,74253
Preston,E14001433,Borough,England,E92000001,North West,E12000002,2019-12-12,43112,11850,72946
Putney,E14001434,Borough,England,E92000001,London,E12000007,2019-12-12,55526,4416,73041
Queen's Park and Maida Vale,E14001435,Borough,England,E92000001,London,E12000007,2019-12-12,44799,18874,75256
Rawmarsh and Conisbrough,E14001436,County,England,E92000001,Yorkshire and The Humber,E12000003,2019-12-12,40544,1257,70272
Rayleigh and Wickford,E14001437,County,England,E92000001,East of England,E12000006,2019-12-12,52997,30348,76422
Reading Central,E14001438,Borough,England,E92000001,South East,E12000008,2019-12-12,51530,8351,71283
Reading West and Mid Berkshire,E14001439,County,England,E92000001,South East,E12000008,2019-12-12,49444,16758,69999
Redcar,E14001440,Borough,England,E92000001,North East,E12000001,2019-12-12,44720,4878,71331
Redditch,E14001441,County,England,E92000001,West Midlands,E12000005,2019-12-12,47501,18423,69921
Reigate,E14001442,County,England,E92000001,South East,E12000008,2019-12-12,53469,19220,76139
East Renfrewshire,S14000021,County,Scotland,S92000003,,,2019-12-12,55357,5426,72959
Rhondda and Ogmore,W07000107,County,Wales,W92000004,,,2019-12-12,42549,17377,73557
Ribble Valley,E14001443,County,England,E92000001,North West,E12000002,2019-12-12,52240,16839,75993
Richmond and Northallerton,E14001444,County,England,E92000001,Yorkshire and The Humber,E12000003,2019-12-12,51880,24331,72744
Richmond Park,E14001445,Borough,England,E92000001,London,E12000007,2019-12-12,59082,7725,75037
Rochdale,E14001446,County,England,E92000001,North West,E12000002,2019-12-12,42058,8109,71697
Rochester and Strood,E14001447,County,England,E92000001,South East,E12000008,2019-12-12,44635,13553,72155
Romford,E14001448,Borough,England,E92000001,London,E12000007,2019-12-12,48359,18536,73730
Romsey and Southampton North,E14001449,County,England,E92000001,South East,E12000008,2019-12-12,54704,16251,73831
Rossendale and Darwen,E14001450,County,England,E92000001,North West,E12000002,2019-12-12,49913,9834,74593
Rother Valley,E14001451,County,England,E92000001,Yorkshire and The Humber,E12000003,2019-12-12,45488,6135,70184
Rotherham,E14001452,Borough,England,E92000001,Yorkshire and The Humber,E12000003,2019-12-12,43521,3297,75345
Rugby,E14001453,County,England,E92000001,West Midlands,E12000005,2019-12-12,51119,13395,72603
"Ruislip, Northwood and Pinner",E14001454,Borough,England,E92000001,London,E12000007,2019-12-12,52256,15810,72168
Runcorn and Helsby,E14001455,County,England,E92000001,North West,E12000002,2019-12-12,48418,5779,70950
Runnymede and Weybridge,E14001456,County,England,E92000001,South East,E12000008,2019-12-12,52669,16072,73778
Rushcliffe,E14001457,County,England,E92000001,East Midlands,E12000004,2019-12-12,59496,7354,76171
Rutherglen,S14000104,Burgh,Scotland,S92000003,,,2019-12-12,49016,5855,71612
Rutland and Stamford,E14001458,County,England,E92000001,East Midlands,E12000004,2019-12-12,53774,25537,70864
Salford,E14001459,Borough,England,E92000001,North West,E12000002,2019-12-12,41763,14248,72169
Salisbury,E14001460,County,England,E92000001,South West,E12000009,2019-12-12,52742,18848,70242
Scarborough and Whitby,E14001461,County,England,E92000001,Yorkshire and The Humber,E12000003,2019-12-12,49724,10270,73862
Scunthorpe,E14001462,County,England,E92000001,Yorkshire and The Humber,E12000003,2019-12-12,47258,10133,74278
Sefton Central,E14001463,County,England,E92000001,North West,E12000002,2019-12-12,57089,10414,74746
Selby,E14001464,County,England,E92000001,Yorkshire and The Humber,E12000003,2019-12-12,52757,14838,74761
Sevenoaks,E14001465,County,England,E92000001,South East,E12000008,2019-12-12,51488,21793,73684
Sheffield Brightside and Hillsborough,E14001466,Borough,England,E92000001,Yorkshire and The Humber,E12000003,2019-12-12,40366,12591,71154
Sheffield Central,E14001467,Borough,England,E92000001,Yorkshire and The Humber,E12000003,2019-12-12,38067,20773,70453
Sheffield Hallam,E14001468,County,England,E92000001,Yorkshire and The Humber,E12000003,2019-12-12,60066,1108,76637
Sheffield Heeley,E14001469,Borough,England,E92000001,Yorkshire and The Humber,E12000003,2019-12-12,45695,12220,74614
Sheffield South East,E14001470,Borough,England,E92000001,Yorkshire and The Humber,E12000003,2019-12-12,46896,5214,76223
Sherwood Forest,E14001471,County,England,E92000001,East Midlands,E12000004,2019-12-12,52109,16290,76543
Shipley,E14001472,County,England,E92000001,Yorkshire and The Humber,E12000003,2019-12-12,54004,6242,74095
Shrewsbury,E14001473,County,England,E92000001,West Midlands,E12000005,2019-12-12,51554,7175,75139
North Shropshire,E14001398,County,England,E92000001,West Midlands,E12000005,2019-12-12,52271,20543,77052
South Shropshire,E14001493,County,England,E92000001,West Midlands,E12000005,2019-12-12,57736,28636,77034
Sittingbourne and Sheppey,E14001474,County,England,E92000001,South East,E12000008,2019-12-12,46763,21337,76818
Skipton and Ripon,E14001475,County,England,E92000001,Yorkshire and The Humber,E12000003,2019-12-12,56773,22517,76758
Sleaford and North Hykeham,E14001476,County,England,E92000001,East Midlands,E12000004,2019-12-12,51537,24680,73380
Slough,E14001477,Borough,England,E92000001,South East,E12000008,2019-12-12,45560,13347,75287
Smethwick,E14001478,Borough,England,E92000001,West Midlands,E12000005,2019-12-12,40970,10974,71195
Solihull West and Shirley,E14001479,Borough,England,E92000001,West Midlands,E12000005,2019-12-12,50179,20798,70537
North Somerset,E14001399,County,England,E92000001,South West,E12000009,2019-12-12,56864,16184,73963
North East Somerset and Hanham,E14001394,County,England,E92000001,South West,E12000009,2019-12-12,57437,16389,73113
South Down,N05000015,County,Northern Ireland,N92000002,,,2019-12-12,45007,1623,71772
South Holland and The Deepings,E14001487,County,England,E92000001,East Midlands,E12000004,2019-12-12,49179,30838,76139
South Ribble,E14001491,County,England,E92000001,North West,E12000002,2019-12-12,49230,8515,72029
South Shields,E14001492,Borough,England,E92000001,North East,E12000001,2019-12-12,45798,8365,69725
Southampton Itchen,E14001499,Borough,England,E92000001,South East,E12000008,2019-12-12,47421,4498,72150
Southampton Test,E14001500,Borough,England,E92000001,South East,E12000008,2019-12-12,44994,6213,69960
Southend East and Rochford,E14001501,County,England,E92000001,East of England,E12000006,2019-12-12,43157,11942,70094
Southend West and Leigh,E14001502,Borough,England,E92000001,East of England,E12000006,2019-12-12,51421,15454,76824
Southgate and Wood Green,E14001503,Borough,England,E92000001,London,E12000007,2019-12-12,52712,15414,76034
Southport,E14001504,County,England,E92000001,North West,E12000002,2019-12-12,49808,6771,74168
Spelthorne,E14001505,Borough,England,E92000001,South East,E12000008,2019-12-12,49510,18393,72897
Spen Valley,E14001506,Borough,England,E92000001,Yorkshire and The Humber,E12000003,2019-12-12,47209,6064,72169
St Albans,E14001507,County,England,E92000001,East of England,E12000006,2019-12-12,55297,5905,70881
St Austell and Newquay,E14001508,County,England,E92000001,South West,E12000009,2019-12-12,55098,15942,74585
St Helens North,E14001509,County,England,E92000001,North West,E12000002,2019-12-12,47561,12209,76082
St Helens South and Whiston,E14001510,Borough,England,E92000001,North West,E12000002,2019-12-12,45397,16720,70937
St Ives,E14001511,County,England,E92000001,South West,E12000009,2019-12-12,53899,5227,70107
St Neots and Mid Cambridgeshire,E14001512,County,England,E92000001,East of England,E12000006,2019-12-12,50043,12250,74699
Stafford,E14001513,County,England,E92000001,West Midlands,E12000005,2019-12-12,51311,13720,70537
Staffordshire Moorlands,E14001514,County,England,E92000001,West Midlands,E12000005,2019-12-12,47209,17659,70113
Stalybridge and Hyde,E14001515,County,England,E92000001,North West,E12000002,2019-12-12,42368,2946,73028
Stevenage,E14001516,County,England,E92000001,East of England,E12000006,2019-12-12,47683,8562,70370
Stirling and Strathallan,S14000105,County,Scotland,S92000003,,,2019-12-12,57811,8556,77008
Stockport,E14001517,Borough,England,E92000001,North West,E12000002,2019-12-12,46017,12012,74769
Stockton North,E14001518,County,England,E92000001,North East,E12000001,2019-12-12,43108,3972,69779
Stockton West,E14001519,County,England,E92000001,North East,E12000001,2019-12-12,52050,11749,70108
Stoke-on-Trent Central,E14001520,Borough,England,E92000001,West Midlands,E12000005,2019-12-12,40610,1715,70550
Stoke-on-Trent North,E14001521,Borough,England,E92000001,West Midlands,E12000005,2019-12-12,41848,8077,69821
Stoke-on-Trent South,E14001522,County,England,E92000001,West Midlands,E12000005,2019-12-12,46782,15393,69831
"Stone, Great Wyrley and Penkridge",E14001523,County,England,E92000001,West Midlands,E12000005,2019-12-12,46741,21922,70701
Stourbridge,E14001524,Borough,England,E92000001,West Midlands,E12000005,2019-12-12,46311,15133,69840
Strangford,N05000016,County,Northern Ireland,N92000002,,,2019-12-12,39834,5677,70070
Stratford and Bow,E14001525,Borough,England,E92000001,London,E12000007,2019-12-12,47375,26491,73849
Stratford-on-Avon,E14001526,County,England,E92000001,West Midlands,E12000005,2019-12-12,53557,19020,72388
Streatham and Croydon North,E14001527,Borough,England,E92000001,London,E12000007,2019-12-12,51308,20038,76050
Stretford and Urmston,E14001528,Borough,England,E92000001,North West,E12000002,2019-12-12,50067,16417,73212
Stroud,E14001529,County,England,E92000001,South West,E12000009,2019-12-12,60688,2467,76249
Central Suffolk and North Ipswich,E14001156,County,England,E92000001,East of England,E12000006,2019-12-12,50412,20213,71020
Suffolk Coastal,E14001530,County,England,E92000001,East of England,E12000006,2019-12-12,52365,18355,72663
South Suffolk,E14001494,County,England,E92000001,East of England,E12000006,2019-12-12,50106,21473,71070
West Suffolk,E14001578,County,England,E92000001,East of England,E12000006,2019-12-12,49340,20797,76243
Sunderland Central,E14001531,Borough,England,E92000001,North East,E12000001,2019-12-12,43476,2964,72688
East Surrey,E14001215,County,England,E92000001,South East,E12000008,2019-12-12,51475,20565,73145
Surrey Heath,E14001532,County,England,E92000001,South East,E12000008,2019-12-12,52131,15552,70825
Mid Sussex,E14001366,County,England,E92000001,South East,E12000008,2019-12-12,52949,13665,72255
Sussex Weald,E14001533,County,England,E92000001,South East,E12000008,2019-12-12,49418,23164,70075
Sutton and Cheam,E14001534,Borough,England,E92000001,London,E12000007,2019-12-12,50487,8351,71284
Sutton Coldfield,E14001535,Borough,England,E92000001,West Midlands,E12000005,2019-12-12,52325,19272,74584
Swansea West,W07000108,County,Wales,W92000004,,,2019-12-12,44199,10037,74612
Swindon North,E14001536,County,England,E92000001,South West,E12000009,2019-12-12,47381,13250,72163
Swindon South,E14001537,Borough,England,E92000001,South West,E12000009,2019-12-12,49527,5650,72468
Tamworth,E14001538,County,England,E92000001,West Midlands,E12000005,2019-12-12,47584,20663,73644
Tatton,E14001539,County,England,E92000001,North West,E12000002,2019-12-12,55394,19281,75538
Taunton and Wellington,E14001540,County,England,E92000001,South West,E12000009,2019-12-12,54440,8536,76049
Telford,E14001541,Borough,England,E92000001,West Midlands,E12000005,2019-12-12,43525,10900,70768
Tewkesbury,E14001542,County,England,E92000001,South West,E12000009,2019-12-12,53858,19443,72426
East Thanet,E14001216,Borough,England,E92000001,South East,E12000008,2019-12-12,47924,7585,73790
Thirsk and Malton,E14001544,County,England,E92000001,Yorkshire and The Humber,E12000003,2019-12-12,52198,23337,76623
Thornbury and Yate,E14001545,County,England,E92000001,South West,E12000009,2019-12-12,56083,14538,74935
Thurrock,E14001546,Borough,England,E92000001,East of England,E12000006,2019-12-12,44369,11962,73347
Tipton and Wednesbury,E14001547,Borough,England,E92000001,West Midlands,E12000005,2019-12-12,38200,4693,73820
Tiverton and Minehead,E14001548,County,England,E92000001,South West,E12000009,2019-12-12,49411,20665,70829
Tonbridge,E14001549,County,England,E92000001,South East,E12000008,2019-12-12,54450,27052,73692
Tooting,E14001550,Borough,England,E92000001,London,E12000007,2019-12-12,58473,14307,76986
Torbay,E14001551,Borough,England,E92000001,South West,E12000009,2019-12-12,50971,17751,75742
Torfaen,W07000109,County,Wales,W92000004,,,2019-12-12,43553,4110,70591
Torridge and Tavistock,E14001552,County,England,E92000001,South West,E12000009,2019-12-12,54668,22899,74802
Tottenham,E14001553,Borough,England,E92000001,London,E12000007,2019-12-12,45720,30488,75968
Truro and Falmouth,E14001554,County,England,E92000001,South West,E12000009,2019-12-12,55178,4459,73326
Tunbridge Wells,E14001555,County,England,E92000001,South East,E12000008,2019-12-12,54650,14645,75213
Twickenham,E14001556,Borough,England,E92000001,London,E12000007,2019-12-12,58352,13074,75889
Tynemouth,E14001557,Borough,England,E92000001,North East,E12000001,2019-12-12,53940,3512,73022
West Tyrone,N05000018,County,Northern Ireland,N92000002,,,2019-12-12,43891,8074,70614
Mid Ulster,N05000010,County,Northern Ireland,N92000002,,,2019-12-12,44534,9806,70094
Upper Bann,N05000017,County,Northern Ireland,N92000002,,,2019-12-12,46442,7477,76969
Uxbridge and South Ruislip,E14001558,Borough,England,E92000001,London,E12000007,2019-12-12,50782,7939,75042
Vale of Glamorgan,W07000110,County,Wales,W92000004,,,2019-12-12,49993,2566,70426
Vauxhall and Camberwell Green,E14001559,Borough,England,E92000001,London,E12000007,2019-12-12,46440,19225,69995
Wakefield and Rothwell,E14001560,Borough,England,E92000001,Yorkshire and The Humber,E12000003,2019-12-12,49093,2626,73968
Wallasey,E14001561,Borough,England,E92000001,North West,E12000002,2019-12-12,51470,19422,73054
Walsall and Bloxwich,E14001562,Borough,England,E92000001,West Midlands,E12000005,2019-12-12,45630,2186,74866
Walthamstow,E14001563,Borough,England,E92000001,London,E12000007,2019-12-12,48335,30862,70867
Warrington North,E14001564,County,England,E92000001,North West,E12000002,2019-12-12,46546,1513,72350
Warrington South,E14001565,County,England,E92000001,North West,E12000002,2019-12-12,54129,65,76639
Warwick and Leamington,E14001566,County,England,E92000001,West Midlands,E12000005,2019-12-12,52208,1169,75440
North Warwickshire and Bedworth,E14001400,County,England,E92000001,West Midlands,E12000005,2019-12-12,45914,17956,70245
Washington and Gateshead South,E14001567,Borough,England,E92000001,North East,E12000001,2019-12-12,41954,3938,71775
Watford,E14001568,Borough,England,E92000001,East of England,E12000006,2019-12-12,48298,1300,70576
Waveney Valley,E14001569,County,England,E92000001,East of England,E12000006,2019-12-12,51280,22364,70540
Weald of Kent,E14001570,County,England,E92000001,South East,E12000008,2019-12-12,49652,28751,70110
Wellingborough and Rushden,E14001571,County,England,E92000001,East Midlands,E12000004,2019-12-12,47044,16038,76669
Wells and Mendip Hills,E14001572,County,England,E92000001,South West,E12000009,2019-12-12,56441,14295,69843
Welwyn Hatfield,E14001573,County,England,E92000001,East of England,E12000006,2019-12-12,51797,10773,74535
West Bromwich,E14001574,Borough,England,E92000001,West Midlands,E12000005,2019-12-12,41377,2150,72206
West Ham and Beckton,E14001576,Borough,England,E92000001,London,E12000007,2019-12-12,40430,21937,70590
Westmorland and Lonsdale,E14001580,County,England,E92000001,North West,E12000002,2019-12-12,54200,5140,72322
Weston-super-Mare,E14001581,County,England,E92000001,South West,E12000009,2019-12-12,45872,13310,70722
Wetherby and Easingwold,E14001582,County,England,E92000001,Yorkshire and The Humber,E12000003,2019-12-12,54397,27164,71455
Whitehaven and Workington,E14001583,County,England,E92000001,North West,E12000002,2019-12-12,49369,2144,73385
Widnes and Halewood,E14001584,County,England,E92000001,North West,E12000002,2019-12-12,47209,21542,70865
Wigan,E14001585,County,England,E92000001,North West,E12000002,2019-12-12,45042,6728,75607
East Wiltshire,E14001217,County,England,E92000001,South West,E12000009,2019-12-12,48988,24523,71109
South West Wiltshire,E14001498,County,England,E92000001,South West,E12000009,2019-12-12,47237,17378,71551
Wimbledon,E14001586,Borough,England,E92000001,London,E12000007,2019-12-12,56872,839,74641
Winchester,E14001587,County,England,E92000001,South East,E12000008,2019-12-12,63911,9050,76577
Windsor,E14001588,County,England,E92000001,South East,E12000008,2019-12-12,50031,18247,74338
Wirral West,E14001589,County,England,E92000001,North West,E12000002,2019-12-12,56046,455,72126
Witham,E14001590,County,England,E92000001,East of England,E12000006,2019-12-12,52105,25669,75064
Witney,E14001591,County,England,E92000001,South East,E12000008,2019-12-12,48839,15674,70042
Woking,E14001592,Borough,England,E92000001,South East,E12000008,2019-12-12,50475,8683,71737
Wokingham,E14001593,County,England,E92000001,South East,E12000008,2019-12-12,55012,12750,70235
Wolverhampton North East,E14001594,Borough,England,E92000001,West Midlands,E12000005,2019-12-12,39564,7847,70449
Wolverhampton South East,E14001595,Borough,England,E92000001,West Midlands,E12000005,2019-12-12,38227,2373,75685
Wolverhampton West,E14001596,Borough,England,E92000001,West Midlands,E12000005,2019-12-12,50938,934,75592
Worcester,E14001597,Borough,England,E92000001,West Midlands,E12000005,2019-12-12,50898,6758,73928
West Worcestershire,E14001579,County,England,E92000001,West Midlands,E12000005,2019-12-12,57530,24499,76638
Worsley and Eccles,E14001598,County,England,E92000001,North West,E12000002,2019-12-12,49563,3961,76915
East Worthing and Shoreham,E14001218,County,England,E92000001,South East,E12000008,2019-12-12,53128,7474,75466
Worthing West,E14001599,County,England,E92000001,South East,E12000008,2019-12-12,52560,13912,76293
The Wrekin,E14001543,County,England,E92000001,West Midlands,E12000005,2019-12-12,52432,21173,76143
Wrexham,W07000111,County,Wales,W92000004,,,2019-12-12,47123,3939,70964
Wycombe,E14001600,County,England,E92000001,South East,E12000008,2019-12-12,46892,1494,71769
Wyre Forest,E14001601,County,England,E92000001,West Midlands,E12000005,2019-12-12,50561,21413,77015
Wythenshawe and Sale East,E14001602,Borough,England,E92000001,North West,E12000002,2019-12-12,44759,10396,76971
Yeovil,E14001603,County,England,E92000001,South West,E12000009,2019-12-12,54128,14638,76056
Ynys Mn,W07000112,County,Wales,W92000004,,,2019-12-12,36552,1968,52415
York Central,E14001604,Borough,England,E92000001,Yorkshire and The Humber,E12000003,2019-12-12,50102,14342,74854
York Outer,E14001605,County,England,E92000001,Yorkshire and The Humber,E12000003,2019-12-12,54750,10782,72720
