{"parl.aberdeen-north.2024-07-04": "Aberdeen North", "parl.aberdeenshire-north-and-moray-east.2024-07-04": "Aberdeenshire North and Moray East", "parl.aberdeen-south.2024-07-04": "Aberdeen South", "parl.airdrie-and-shotts.2024-07-04": "Airdrie and Shotts", "parl.aldershot.2024-07-04": "Aldershot", "parl.aldridge-brownhills.2024-07-04": "Aldridge-Brownhills", "parl.alloa-and-grangemouth.2024-07-04": "Alloa and Grangemouth", "parl.altrincham-and-sale-west.2024-07-04": "Altrincham and Sale West", "parl.alyn-and-deeside.2024-07-04": "Alyn and Deeside", "parl.amber-valley.2024-07-04": "Amber Valley", "parl.angus-and-perthshire-glens.2024-07-04": "Angus and Perthshire Glens", "parl.arbroath-and-broughty-ferry.2024-07-04": "Arbroath and Broughty Ferry", "parl.argyll-bute-and-south-lochaber.2024-07-04": "Argyll, Bute and South Lochaber", "parl.arundel-and-south-downs.2024-07-04": "Arundel and South Downs", "parl.ashfield.2024-07-04": "Ashfield", "parl.ashford.2024-07-04": "Ashford", "parl.ashton-under-lyne.2024-07-04": "Ashton-under-Lyne", "parl.aylesbury.2024-07-04": "Aylesbury", "parl.ayr-carrick-and-cumnock.2024-07-04": "Ayr, Carrick and Cumnock", "parl.banbury.2024-07-04": "Banbury", "parl.bangor-aberconwy.2024-07-04": "Bangor Aberconwy", "parl.barking.2024-07-04": "Barking", "parl.barnsley-north.2024-07-04": "Barnsley North", "parl.barnsley-south.2024-07-04": "Barnsley South", "parl.barrow-and-furness.2024-07-04": "Barrow and Furness", "parl.basildon-and-billericay.2024-07-04": "Basildon and Billericay", "parl.basingstoke.2024-07-04": "Basingstoke", "parl.bassetlaw.2024-07-04": "Bassetlaw", "parl.bath.2024-07-04": "Bath", "parl.bathgate-and-linlithgow.2024-07-04": "Bathgate and Linlithgow", "parl.battersea.2024-07-04": "Battersea", "parl.beaconsfield.2024-07-04": "Beaconsfield", "parl.beckenham-and-penge.2024-07-04": "Beckenham and Penge", "parl.bedford.2024-07-04": "Bedford", "parl.belfast-east.2024-07-04": "Belfast East", "parl.belfast-north.2024-07-04": "Belfast North", "parl.belfast-south-and-mid-down.2024-07-04": "Belfast South and Mid Down", "parl.belfast-west.2024-07-04": "Belfast West", "parl.bermondsey-and-old-southwark.2024-07-04": "Bermondsey and Old Southwark", "parl.berwickshire-roxburgh-and-selkirk.2024-07-04": "Berwickshire, Roxburgh and Selkirk", "parl.bethnal-green-and-stepney.2024-07-04": "Bethnal Green and Stepney", "parl.beverley-and-holderness.2024-07-04": "Beverley and Holderness", "parl.bexhill-and-battle.2024-07-04": "Bexhill and Battle", "parl.bexleyheath-and-crayford.2024-07-04": "Bexleyheath and Crayford", "parl.bicester-and-woodstock.2024-07-04": "Bicester and Woodstock", "parl.birkenhead.2024-07-04": "Birkenhead", "parl.birmingham-edgbaston.2024-07-04": "Birmingham Edgbaston", "parl.birmingham-erdington.2024-07-04": "Birmingham Erdington", "parl.birmingham-hall-green-and-moseley.2024-07-04": "Birmingham Hall Green and Moseley", "parl.birmingham-hodge-hill-and-solihull-north.2024-07-04": "Birmingham Hodge Hill and Solihull North", "parl.birmingham-ladywood.2024-07-04": "Birmingham Ladywood", "parl.birmingham-northfield.2024-07-04": "Birmingham Northfield", "parl.birmingham-perry-barr.2024-07-04": "Birmingham Perry Barr", "parl.birmingham-selly-oak.2024-07-04": "Birmingham Selly Oak", "parl.birmingham-yardley.2024-07-04": "Birmingham Yardley", "parl.bishop-auckland.2024-07-04": "Bishop Auckland", "parl.blackburn.2024-07-04": "Blackburn", "parl.blackley-and-middleton-south.2024-07-04": "Blackley and Middleton South", "parl.blackpool-north-and-fleetwood.2024-07-04": "Blackpool North and Fleetwood", "parl.blackpool-south.2024-07-04": "Blackpool South", "parl.blaenau-gwent-and-rhymney.2024-07-04": "Blaenau Gwent and Rhymney", "parl.blaydon-and-consett.2024-07-04": "Blaydon and Consett", "parl.blyth-and-ashington.2024-07-04": "Blyth and Ashington", "parl.bognor-regis-and-littlehampton.2024-07-04": "Bognor Regis and Littlehampton", "parl.bolsover.2024-07-04": "Bolsover", "parl.bolton-north-east.2024-07-04": "Bolton North East", "parl.bolton-south-and-walkden.2024-07-04": "Bolton South and Walkden", "parl.bolton-west.2024-07-04": "Bolton West", "parl.bootle.2024-07-04": "Bootle", "parl.boston-and-skegness.2024-07-04": "Boston and Skegness", "parl.bournemouth-east.2024-07-04": "Bournemouth East", "parl.bournemouth-west.2024-07-04": "Bournemouth West", "parl.bracknell.2024-07-04": "Bracknell", "parl.bradford-east.2024-07-04": "Bradford East", "parl.bradford-south.2024-07-04": "Bradford South", "parl.bradford-west.2024-07-04": "Bradford West", "parl.braintree.2024-07-04": "Braintree", "parl.brecon-radnor-and-cwm-tawe.2024-07-04": "Brecon, Radnor and Cwm Tawe", "parl.brent-east.2024-07-04": "Brent East", "parl.brentford-and-isleworth.2024-07-04": "Brentford and Isleworth", "parl.brent-west.2024-07-04": "Brent West", "parl.brentwood-and-ongar.2024-07-04": "Brentwood and Ongar", "parl.bridgend.2024-07-04": "Bridgend", "parl.bridgwater.2024-07-04": "Bridgwater", "parl.bridlington-and-the-wolds.2024-07-04": "Bridlington and The Wolds", "parl.brigg-and-immingham.2024-07-04": "Brigg and Immingham", "parl.brighton-kemptown-and-peacehaven.2024-07-04": "Brighton Kemptown and Peacehaven", "parl.brighton-pavilion.2024-07-04": "Brighton Pavilion", "parl.bristol-central.2024-07-04": "Bristol Central", "parl.bristol-east.2024-07-04": "Bristol East", "parl.bristol-north-east.2024-07-04": "Bristol North East", "parl.bristol-north-west.2024-07-04": "Bristol North West", "parl.bristol-south.2024-07-04": "Bristol South", "parl.broadland-and-fakenham.2024-07-04": "Broadland and Fakenham", "parl.bromley-and-biggin-hill.2024-07-04": "Bromley and Biggin Hill", "parl.bromsgrove.2024-07-04": "Bromsgrove", "parl.broxbourne.2024-07-04": "Broxbourne", "parl.broxtowe.2024-07-04": "Broxtowe", "parl.buckingham-and-bletchley.2024-07-04": "Buckingham and Bletchley", "parl.burnley.2024-07-04": "Burnley", "parl.burton-and-uttoxeter.2024-07-04": "Burton and Uttoxeter", "parl.bury-north.2024-07-04": "Bury North", "parl.bury-south.2024-07-04": "Bury South", "parl.bury-st-edmunds-and-stowmarket.2024-07-04": "Bury St Edmunds and Stowmarket", "parl.caerfyrddin.2024-07-04": "Caerfyrddin", "parl.caerphilly.2024-07-04": "Caerphilly", "parl.caithness-sutherland-and-easter-ross.2024-07-04": "Caithness, Sutherland and Easter Ross", "parl.calder-valley.2024-07-04": "Calder Valley", "parl.camborne-and-redruth.2024-07-04": "Camborne and Redruth", "parl.cambridge.2024-07-04": "Cambridge", "parl.cannock-chase.2024-07-04": "Cannock Chase", "parl.canterbury.2024-07-04": "Canterbury", "parl.cardiff-east.2024-07-04": "Cardiff East", "parl.cardiff-north.2024-07-04": "Cardiff North", "parl.cardiff-south-and-penarth.2024-07-04": "Cardiff South and Penarth", "parl.cardiff-west.2024-07-04": "Cardiff West", "parl.carlisle.2024-07-04": "Carlisle", "parl.carshalton-and-wallington.2024-07-04": "Carshalton and Wallington", "parl.castle-point.2024-07-04": "Castle Point", "parl.central-ayrshire.2024-07-04": "Central Ayrshire", "parl.central-devon.2024-07-04": "Central Devon", "parl.central-suffolk-and-north-ipswich.2024-07-04": "Central Suffolk and North Ipswich", "parl.ceredigion-preseli.2024-07-04": "Ceredigion Preseli", "parl.chatham-and-aylesford.2024-07-04": "Chatham and Aylesford", "parl.cheadle.2024-07-04": "Cheadle", "parl.chelmsford.2024-07-04": "Chelmsford", "parl.chelsea-and-fulham.2024-07-04": "Chelsea and Fulham", "parl.cheltenham.2024-07-04": "Cheltenham", "parl.chesham-and-amersham.2024-07-04": "Chesham and Amersham", "parl.chesterfield.2024-07-04": "Chesterfield", "parl.chester-north-and-neston.2024-07-04": "Chester North and Neston", "parl.chester-south-and-eddisbury.2024-07-04": "Chester South and Eddisbury", "parl.chichester.2024-07-04": "Chichester", "parl.chingford-and-woodford-green.2024-07-04": "Chingford and Woodford Green", "parl.chippenham.2024-07-04": "Chippenham", "parl.chipping-barnet.2024-07-04": "Chipping Barnet", "parl.chorley.2024-07-04": "Chorley", "parl.christchurch.2024-07-04": "Christchurch", "parl.cities-of-london-and-westminster.2024-07-04": "Cities of London and Westminster", "parl.city-of-durham.2024-07-04": "City of Durham", "parl.clacton.2024-07-04": "Clacton", "parl.clapham-and-brixton-hill.2024-07-04": "Clapham and Brixton Hill", "parl.clwyd-east.2024-07-04": "Clwyd East", "parl.clwyd-north.2024-07-04": "Clwyd North", "parl.coatbridge-and-bellshill.2024-07-04": "Coatbridge and Bellshill", "parl.colchester.2024-07-04": "Colchester", "parl.colne-valley.2024-07-04": "Colne Valley", "parl.congleton.2024-07-04": "Congleton", "parl.corby-and-east-northamptonshire.2024-07-04": "Corby and East Northamptonshire", "parl.coventry-east.2024-07-04": "Coventry East", "parl.coventry-north-west.2024-07-04": "Coventry North West", "parl.coventry-south.2024-07-04": "Coventry South", "parl.cowdenbeath-and-kirkcaldy.2024-07-04": "Cowdenbeath and Kirkcaldy", "parl.cramlington-and-killingworth.2024-07-04": "Cramlington and Killingworth", "parl.crawley.2024-07-04": "Crawley", "parl.crewe-and-nantwich.2024-07-04": "Crewe and Nantwich", "parl.croydon-east.2024-07-04": "Croydon East", "parl.croydon-south.2024-07-04": "Croydon South", "parl.croydon-west.2024-07-04": "Croydon West", "parl.cumbernauld-and-kirkintilloch.2024-07-04": "Cumbernauld and Kirkintilloch", "parl.dagenham-and-rainham.2024-07-04": "Dagenham and Rainham", "parl.darlington.2024-07-04": "Darlington", "parl.dartford.2024-07-04": "Dartford", "parl.daventry.2024-07-04": "Daventry", "parl.derby-north.2024-07-04": "Derby North", "parl.derbyshire-dales.2024-07-04": "Derbyshire Dales", "parl.derby-south.2024-07-04": "Derby South", "parl.dewsbury-and-batley.2024-07-04": "Dewsbury and Batley", "parl.didcot-and-wantage.2024-07-04": "Didcot and Wantage", "parl.doncaster-central.2024-07-04": "Doncaster Central", "parl.doncaster-east-and-the-isle-of-axholme.2024-07-04": "Doncaster East and the Isle of Axholme", "parl.doncaster-north.2024-07-04": "Doncaster North", "parl.dorking-and-horley.2024-07-04": "Dorking and Horley", "parl.dover-and-deal.2024-07-04": "Dover and Deal", "parl.droitwich-and-evesham.2024-07-04": "Droitwich and Evesham", "parl.dudley.2024-07-04": "Dudley", "parl.dulwich-and-west-norwood.2024-07-04": "Dulwich and West Norwood", "parl.dumfries-and-galloway.2024-07-04": "Dumfries and Galloway", "parl.dumfriesshire-clydesdale-and-tweeddale.2024-07-04": "Dumfriesshire, Clydesdale and Tweeddale", "parl.dundee-central.2024-07-04": "Dundee Central", "parl.dunfermline-and-dollar.2024-07-04": "Dunfermline and Dollar", "parl.dunstable-and-leighton-buzzard.2024-07-04": "Dunstable and Leighton Buzzard", "parl.dwyfor-meirionnydd.2024-07-04": "Dwyfor Meirionnydd", "parl.ealing-central-and-acton.2024-07-04": "Ealing Central and Acton", "parl.ealing-north.2024-07-04": "Ealing North", "parl.ealing-southall.2024-07-04": "Ealing Southall", "parl.earley-and-woodley.2024-07-04": "Earley and Woodley", "parl.easington.2024-07-04": "Easington", "parl.east-antrim.2024-07-04": "East Antrim", "parl.eastbourne.2024-07-04": "Eastbourne", "parl.east-grinstead-and-uckfield.2024-07-04": "East Grinstead and Uckfield", "parl.east-ham.2024-07-04": "East Ham", "parl.east-hampshire.2024-07-04": "East Hampshire", "parl.east-kilbride-and-strathaven.2024-07-04": "East Kilbride and Strathaven", "parl.eastleigh.2024-07-04": "Eastleigh", "parl.east-londonderry.2024-07-04": "East Londonderry", "parl.east-renfrewshire.2024-07-04": "East Renfrewshire", "parl.east-surrey.2024-07-04": "East Surrey", "parl.east-thanet.2024-07-04": "East Thanet", "parl.east-wiltshire.2024-07-04": "East Wiltshire", "parl.east-worthing-and-shoreham.2024-07-04": "East Worthing and Shoreham", "parl.edinburgh-east-and-musselburgh.2024-07-04": "Edinburgh East and Musselburgh", "parl.edinburgh-north-and-leith.2024-07-04": "Edinburgh North and Leith", "parl.edinburgh-south.2024-07-04": "Edinburgh South", "parl.edinburgh-south-west.2024-07-04": "Edinburgh South West", "parl.edinburgh-west.2024-07-04": "Edinburgh West", "parl.edmonton-and-winchmore-hill.2024-07-04": "Edmonton and Winchmore Hill", "parl.ellesmere-port-and-bromborough.2024-07-04": "Ellesmere Port and Bromborough", "parl.eltham-and-chislehurst.2024-07-04": "Eltham and Chislehurst", "parl.ely-and-east-cambridgeshire.2024-07-04": "Ely and East Cambridgeshire", "parl.enfield-north.2024-07-04": "Enfield North", "parl.epping-forest.2024-07-04": "Epping Forest", "parl.epsom-and-ewell.2024-07-04": "Epsom and Ewell", "parl.erewash.2024-07-04": "Erewash", "parl.erith-and-thamesmead.2024-07-04": "Erith and Thamesmead", "parl.esher-and-walton.2024-07-04": "Esher and Walton", "parl.exeter.2024-07-04": "Exeter", "parl.exmouth-and-exeter-east.2024-07-04": "Exmouth and Exeter East", "parl.falkirk.2024-07-04": "Falkirk", "parl.fareham-and-waterlooville.2024-07-04": "Fareham and Waterlooville", "parl.farnham-and-bordon.2024-07-04": "Farnham and Bordon", "parl.faversham-and-mid-kent.2024-07-04": "Faversham and Mid Kent", "parl.feltham-and-heston.2024-07-04": "Feltham and Heston", "parl.fermanagh-and-south-tyrone.2024-07-04": "Fermanagh and South Tyrone", "parl.filton-and-bradley-stoke.2024-07-04": "Filton and Bradley Stoke", "parl.finchley-and-golders-green.2024-07-04": "Finchley and Golders Green", "parl.folkestone-and-hythe.2024-07-04": "Folkestone and Hythe", "parl.forest-of-dean.2024-07-04": "Forest of Dean", "parl.foyle.2024-07-04": "Foyle", "parl.frome-and-east-somerset.2024-07-04": "Frome and East Somerset", "parl.fylde.2024-07-04": "Fylde", "parl.gainsborough.2024-07-04": "Gainsborough", "parl.gateshead-central-and-whickham.2024-07-04": "Gateshead Central and Whickham", "parl.gedling.2024-07-04": "Gedling", "parl.gillingham-and-rainham.2024-07-04": "Gillingham and Rainham", "parl.glasgow-east.2024-07-04": "Glasgow East", "parl.glasgow-north.2024-07-04": "Glasgow North", "parl.glasgow-north-east.2024-07-04": "Glasgow North East", "parl.glasgow-south.2024-07-04": "Glasgow South", "parl.glasgow-south-west.2024-07-04": "Glasgow South West", "parl.glasgow-west.2024-07-04": "Glasgow West", "parl.glastonbury-and-somerton.2024-07-04": "Glastonbury and Somerton", "parl.glenrothes-and-mid-fife.2024-07-04": "Glenrothes and Mid Fife", "parl.gloucester.2024-07-04": "Gloucester", "parl.godalming-and-ash.2024-07-04": "Godalming and Ash", "parl.goole-and-pocklington.2024-07-04": "Goole and Pocklington", "parl.gordon-and-buchan.2024-07-04": "Gordon and Buchan", "parl.gorton-and-denton.2024-07-04": "Gorton and Denton", "parl.gosport.2024-07-04": "Gosport", "parl.gower.2024-07-04": "Gower", "parl.grantham-and-bourne.2024-07-04": "Grantham and Bourne", "parl.gravesham.2024-07-04": "Gravesham", "parl.great-grimsby-and-cleethorpes.2024-07-04": "Great Grimsby and Cleethorpes", "parl.great-yarmouth.2024-07-04": "Great Yarmouth", "parl.greenwich-and-woolwich.2024-07-04": "Greenwich and Woolwich", "parl.guildford.2024-07-04": "Guildford", "parl.hackney-north-and-stoke-newington.2024-07-04": "Hackney North and Stoke Newington", "parl.hackney-south-and-shoreditch.2024-07-04": "Hackney South and Shoreditch", "parl.halesowen.2024-07-04": "Halesowen", "parl.halifax.2024-07-04": "Halifax", "parl.hamble-valley.2024-07-04": "Hamble Valley", "parl.hamilton-and-clyde-valley.2024-07-04": "Hamilton and Clyde Valley", "parl.hammersmith-and-chiswick.2024-07-04": "Hammersmith and Chiswick", "parl.hampstead-and-highgate.2024-07-04": "Hampstead and Highgate", "parl.harborough-oadby-and-wigston.2024-07-04": "Harborough, Oadby and Wigston", "parl.harlow.2024-07-04": "Harlow", "parl.harpenden-and-berkhamsted.2024-07-04": "Harpenden and Berkhamsted", "parl.harrogate-and-knaresborough.2024-07-04": "Harrogate and Knaresborough", "parl.harrow-east.2024-07-04": "Harrow East", "parl.harrow-west.2024-07-04": "Harrow West", "parl.hartlepool.2024-07-04": "Hartlepool", "parl.harwich-and-north-essex.2024-07-04": "Harwich and North Essex", "parl.hastings-and-rye.2024-07-04": "Hastings and Rye", "parl.havant.2024-07-04": "Havant", "parl.hayes-and-harlington.2024-07-04": "Hayes and Harlington", "parl.hazel-grove.2024-07-04": "Hazel Grove", "parl.hemel-hempstead.2024-07-04": "Hemel Hempstead", "parl.hendon.2024-07-04": "Hendon", "parl.henley-and-thame.2024-07-04": "Henley and Thame", "parl.hereford-and-south-herefordshire.2024-07-04": "Hereford and South Herefordshire", "parl.herne-bay-and-sandwich.2024-07-04": "Herne Bay and Sandwich", "parl.hertford-and-stortford.2024-07-04": "Hertford and Stortford", "parl.hertsmere.2024-07-04": "Hertsmere", "parl.hexham.2024-07-04": "Hexham", "parl.heywood-and-middleton-north.2024-07-04": "Heywood and Middleton North", "parl.high-peak.2024-07-04": "High Peak", "parl.hinckley-and-bosworth.2024-07-04": "Hinckley and Bosworth", "parl.hitchin.2024-07-04": "Hitchin", "parl.holborn-and-st-pancras.2024-07-04": "Holborn and St Pancras", "parl.honiton-and-sidmouth.2024-07-04": "Honiton and Sidmouth", "parl.hornchurch-and-upminster.2024-07-04": "Hornchurch and Upminster", "parl.hornsey-and-friern-barnet.2024-07-04": "Hornsey and Friern Barnet", "parl.horsham.2024-07-04": "Horsham", "parl.houghton-and-sunderland-south.2024-07-04": "Houghton and Sunderland South", "parl.hove-and-portslade.2024-07-04": "Hove and Portslade", "parl.huddersfield.2024-07-04": "Huddersfield", "parl.huntingdon.2024-07-04": "Huntingdon", "parl.hyndburn.2024-07-04": "Hyndburn", "parl.ilford-north.2024-07-04": "Ilford North", "parl.ilford-south.2024-07-04": "Ilford South", "parl.inverclyde-and-renfrewshire-west.2024-07-04": "Inverclyde and Renfrewshire West", "parl.inverness-skye-and-west-ross-shire.2024-07-04": "Inverness, Skye and West Ross-shire", "parl.ipswich.2024-07-04": "Ipswich", "parl.isle-of-wight-east.2024-07-04": "Isle of Wight East", "parl.isle-of-wight-west.2024-07-04": "Isle of Wight West", "parl.islington-north.2024-07-04": "Islington North", "parl.islington-south-and-finsbury.2024-07-04": "Islington South and Finsbury", "parl.jarrow-and-gateshead-east.2024-07-04": "Jarrow and Gateshead East", "parl.keighley-and-ilkley.2024-07-04": "Keighley and Ilkley", "parl.kenilworth-and-southam.2024-07-04": "Kenilworth and Southam", "parl.kensington-and-bayswater.2024-07-04": "Kensington and Bayswater", "parl.kettering.2024-07-04": "Kettering", "parl.kilmarnock-and-loudoun.2024-07-04": "Kilmarnock and Loudoun", "parl.kingston-and-surbiton.2024-07-04": "Kingston and Surbiton", "parl.kingston-upon-hull-east.2024-07-04": "Kingston upon Hull East", "parl.kingston-upon-hull-north-and-cottingham.2024-07-04": "Kingston upon Hull North and Cottingham", "parl.kingston-upon-hull-west-and-haltemprice.2024-07-04": "Kingston upon Hull West and Haltemprice", "parl.kingswinford-and-south-staffordshire.2024-07-04": "Kingswinford and South Staffordshire", "parl.knowsley.2024-07-04": "Knowsley", "parl.lagan-valley.2024-07-04": "Lagan Valley", "parl.lancaster-and-wyre.2024-07-04": "Lancaster and Wyre", "parl.leeds-central-and-headingley.2024-07-04": "Leeds Central and Headingley", "parl.leeds-east.2024-07-04": "Leeds East", "parl.leeds-north-east.2024-07-04": "Leeds North East", "parl.leeds-north-west.2024-07-04": "Leeds North West", "parl.leeds-south-west-and-morley.2024-07-04": "Leeds South West and Morley", "parl.leeds-south.2024-07-04": "Leeds South", "parl.leeds-west-and-pudsey.2024-07-04": "Leeds West and Pudsey", "parl.leicester-east.2024-07-04": "Leicester East", "parl.leicester-south.2024-07-04": "Leicester South", "parl.leicester-west.2024-07-04": "Leicester West", "parl.leigh-and-atherton.2024-07-04": "Leigh and Atherton", "parl.lewes.2024-07-04": "Lewes", "parl.lewisham-east.2024-07-04": "Lewisham East", "parl.lewisham-north.2024-07-04": "Lewisham North", "parl.lewisham-west-and-east-dulwich.2024-07-04": "Lewisham West and East Dulwich", "parl.leyton-and-wanstead.2024-07-04": "Leyton and Wanstead", "parl.lichfield.2024-07-04": "Lichfield", "parl.lincoln.2024-07-04": "Lincoln", "parl.liverpool-garston.2024-07-04": "Liverpool Garston", "parl.liverpool-riverside.2024-07-04": "Liverpool Riverside", "parl.liverpool-walton.2024-07-04": "Liverpool Walton", "parl.liverpool-wavertree.2024-07-04": "Liverpool Wavertree", "parl.liverpool-west-derby.2024-07-04": "Liverpool West Derby", "parl.livingston.2024-07-04": "Livingston", "parl.llanelli.2024-07-04": "Llanelli", "parl.lothian-east.2024-07-04": "Lothian East", "parl.loughborough.2024-07-04": "Loughborough", "parl.louth-and-horncastle.2024-07-04": "Louth and Horncastle", "parl.lowestoft.2024-07-04": "Lowestoft", "parl.luton-north.2024-07-04": "Luton North", "parl.luton-south-and-south-bedfordshire.2024-07-04": "Luton South and South Bedfordshire", "parl.macclesfield.2024-07-04": "Macclesfield", "parl.maidenhead.2024-07-04": "Maidenhead", "parl.maidstone-and-malling.2024-07-04": "Maidstone and Malling", "parl.makerfield.2024-07-04": "Makerfield", "parl.maldon.2024-07-04": "Maldon", "parl.manchester-central.2024-07-04": "Manchester Central", "parl.manchester-rusholme.2024-07-04": "Manchester Rusholme", "parl.manchester-withington.2024-07-04": "Manchester Withington", "parl.mansfield.2024-07-04": "Mansfield", "parl.melksham-and-devizes.2024-07-04": "Melksham and Devizes", "parl.melton-and-syston.2024-07-04": "Melton and Syston", "parl.meriden-and-solihull-east.2024-07-04": "Meriden and Solihull East", "parl.merthyr-tydfil-and-aberdare.2024-07-04": "Merthyr Tydfil and Aberdare", "parl.mid-and-south-pembrokeshire.2024-07-04": "Mid and South Pembrokeshire", "parl.mid-bedfordshire.2024-07-04": "Mid Bedfordshire", "parl.mid-buckinghamshire.2024-07-04": "Mid Buckinghamshire", "parl.mid-cheshire.2024-07-04": "Mid Cheshire", "parl.mid-derbyshire.2024-07-04": "Mid Derbyshire", "parl.middlesbrough-and-thornaby-east.2024-07-04": "Middlesbrough and Thornaby East", "parl.middlesbrough-south-and-east-cleveland.2024-07-04": "Middlesbrough South and East Cleveland", "parl.mid-dorset-and-north-poole.2024-07-04": "Mid Dorset and North Poole", "parl.mid-dunbartonshire.2024-07-04": "Mid Dunbartonshire", "parl.mid-leicestershire.2024-07-04": "Mid Leicestershire", "parl.midlothian.2024-07-04": "Midlothian", "parl.mid-norfolk.2024-07-04": "Mid Norfolk", "parl.mid-sussex.2024-07-04": "Mid Sussex", "parl.mid-ulster.2024-07-04": "Mid Ulster", "parl.milton-keynes-central.2024-07-04": "Milton Keynes Central", "parl.milton-keynes-north.2024-07-04": "Milton Keynes North", "parl.mitcham-and-morden.2024-07-04": "Mitcham and Morden", "parl.monmouthshire.2024-07-04": "Monmouthshire", "parl.montgomeryshire-and-glyndwr.2024-07-04": "Montgomeryshire and Glyndwr", "parl.moray-west-nairn-and-strathspey.2024-07-04": "Moray West, Nairn and Strathspey", "parl.morecambe-and-lunesdale.2024-07-04": "Morecambe and Lunesdale", "parl.motherwell-wishaw-and-carluke.2024-07-04": "Motherwell, Wishaw and Carluke", "parl.na-h-eileanan-an-iar.2024-07-04": "Na h-Eileanan an Iar", "parl.neath-and-swansea-east.2024-07-04": "Neath and Swansea East", "parl.newark.2024-07-04": "Newark", "parl.newbury.2024-07-04": "Newbury", "parl.newcastle-under-lyme.2024-07-04": "Newcastle-under-Lyme", "parl.newcastle-upon-tyne-central-and-west.2024-07-04": "Newcastle upon Tyne Central and West", "parl.newcastle-upon-tyne-east-and-wallsend.2024-07-04": "Newcastle upon Tyne East and Wallsend", "parl.newcastle-upon-tyne-north.2024-07-04": "Newcastle upon Tyne North", "parl.new-forest-east.2024-07-04": "New Forest East", "parl.new-forest-west.2024-07-04": "New Forest West", "parl.newport-east.2024-07-04": "Newport East", "parl.newport-west-and-islwyn.2024-07-04": "Newport West and Islwyn", "parl.newry-and-armagh.2024-07-04": "Newry and Armagh", "parl.newton-abbot.2024-07-04": "Newton Abbot", "parl.newton-aycliffe-and-spennymoor.2024-07-04": "Newton Aycliffe and Spennymoor", "parl.normanton-and-hemsworth.2024-07-04": "Normanton and Hemsworth", "parl.northampton-north.2024-07-04": "Northampton North", "parl.northampton-south.2024-07-04": "Northampton South", "parl.north-antrim.2024-07-04": "North Antrim", "parl.north-ayrshire-and-arran.2024-07-04": "North Ayrshire and Arran", "parl.north-bedfordshire.2024-07-04": "North Bedfordshire", "parl.north-cornwall.2024-07-04": "North Cornwall", "parl.north-cotswolds.2024-07-04": "North Cotswolds", "parl.north-devon.2024-07-04": "North Devon", "parl.north-dorset.2024-07-04": "North Dorset", "parl.north-down.2024-07-04": "North Down", "parl.north-durham.2024-07-04": "North Durham", "parl.north-east-cambridgeshire.2024-07-04": "North East Cambridgeshire", "parl.north-east-derbyshire.2024-07-04": "North East Derbyshire", "parl.north-east-fife.2024-07-04": "North East Fife", "parl.north-east-hampshire.2024-07-04": "North East Hampshire", "parl.north-east-hertfordshire.2024-07-04": "North East Hertfordshire", "parl.north-east-somerset-and-hanham.2024-07-04": "North East Somerset and Hanham", "parl.north-herefordshire.2024-07-04": "North Herefordshire", "parl.north-norfolk.2024-07-04": "North Norfolk", "parl.north-northumberland.2024-07-04": "North Northumberland", "parl.north-shropshire.2024-07-04": "North Shropshire", "parl.north-somerset.2024-07-04": "North Somerset", "parl.north-warwickshire-and-bedworth.2024-07-04": "North Warwickshire and Bedworth", "parl.north-west-cambridgeshire.2024-07-04": "North West Cambridgeshire", "parl.north-west-essex.2024-07-04": "North West Essex", "parl.north-west-hampshire.2024-07-04": "North West Hampshire", "parl.north-west-leicestershire.2024-07-04": "North West Leicestershire", "parl.north-west-norfolk.2024-07-04": "North West Norfolk", "parl.norwich-north.2024-07-04": "Norwich North", "parl.norwich-south.2024-07-04": "Norwich South", "parl.nottingham-east.2024-07-04": "Nottingham East", "parl.nottingham-north-and-kimberley.2024-07-04": "Nottingham North and Kimberley", "parl.nottingham-south.2024-07-04": "Nottingham South", "parl.nuneaton.2024-07-04": "Nuneaton", "parl.old-bexley-and-sidcup.2024-07-04": "Old Bexley and Sidcup", "parl.oldham-east-and-saddleworth.2024-07-04": "Oldham East and Saddleworth", "parl.oldham-west-chadderton-and-royton.2024-07-04": "Oldham West, Chadderton and Royton", "parl.orkney-and-shetland.2024-07-04": "Orkney and Shetland", "parl.orpington.2024-07-04": "Orpington", "parl.ossett-and-denby-dale.2024-07-04": "Ossett and Denby Dale", "parl.oxford-east.2024-07-04": "Oxford East", "parl.oxford-west-and-abingdon.2024-07-04": "Oxford West and Abingdon", "parl.paisley-and-renfrewshire-north.2024-07-04": "Paisley and Renfrewshire North", "parl.paisley-and-renfrewshire-south.2024-07-04": "Paisley and Renfrewshire South", "parl.peckham.2024-07-04": "Peckham", "parl.pendle-and-clitheroe.2024-07-04": "Pendle and Clitheroe", "parl.penistone-and-stocksbridge.2024-07-04": "Penistone and Stocksbridge", "parl.penrith-and-solway.2024-07-04": "Penrith and Solway", "parl.perth-and-kinross-shire.2024-07-04": "Perth and Kinross-shire", "parl.peterborough.2024-07-04": "Peterborough", "parl.plymouth-moor-view.2024-07-04": "Plymouth Moor View", "parl.plymouth-sutton-and-devonport.2024-07-04": "Plymouth Sutton and Devonport", "parl.pontefract-castleford-and-knottingley.2024-07-04": "Pontefract, Castleford and Knottingley", "parl.pontypridd.2024-07-04": "Pontypridd", "parl.poole.2024-07-04": "Poole", "parl.poplar-and-limehouse.2024-07-04": "Poplar and Limehouse", "parl.portsmouth-north.2024-07-04": "Portsmouth North", "parl.portsmouth-south.2024-07-04": "Portsmouth South", "parl.preston.2024-07-04": "Preston", "parl.putney.2024-07-04": "Putney", "parl.queens-park-and-maida-vale.2024-07-04": "Queen's Park and Maida Vale", "parl.rawmarsh-and-conisbrough.2024-07-04": "Rawmarsh and Conisbrough", "parl.rayleigh-and-wickford.2024-07-04": "Rayleigh and Wickford", "parl.reading-central.2024-07-04": "Reading Central", "parl.reading-west-and-mid-berkshire.2024-07-04": "Reading West and Mid Berkshire", "parl.redcar.2024-07-04": "Redcar", "parl.redditch.2024-07-04": "Redditch", "parl.reigate.2024-07-04": "Reigate", "parl.rhondda-and-ogmore.2024-07-04": "Rhondda and Ogmore", "parl.ribble-valley.2024-07-04": "Ribble Valley", "parl.richmond-and-northallerton.2024-07-04": "Richmond and Northallerton", "parl.richmond-park.2024-07-04": "Richmond Park", "parl.rochdale.2024-07-04": "Rochdale", "parl.rochester-and-strood.2024-07-04": "Rochester and Strood", "parl.romford.2024-07-04": "Romford", "parl.romsey-and-southampton-north.2024-07-04": "Romsey and Southampton North", "parl.rossendale-and-darwen.2024-07-04": "Rossendale and Darwen", "parl.rotherham.2024-07-04": "Rotherham", "parl.rother-valley.2024-07-04": "Rother Valley", "parl.rugby.2024-07-04": "Rugby", "parl.ruislip-northwood-and-pinner.2024-07-04": "Ruislip, Northwood and Pinner", "parl.runcorn-and-helsby.2024-07-04": "Runcorn and Helsby", "parl.runnymede-and-weybridge.2024-07-04": "Runnymede and Weybridge", "parl.rushcliffe.2024-07-04": "Rushcliffe", "parl.rutherglen.2024-07-04": "Rutherglen", "parl.rutland-and-stamford.2024-07-04": "Rutland and Stamford", "parl.salford.2024-07-04": "Salford", "parl.salisbury.2024-07-04": "Salisbury", "parl.scarborough-and-whitby.2024-07-04": "Scarborough and Whitby", "parl.scunthorpe.2024-07-04": "Scunthorpe", "parl.sefton-central.2024-07-04": "Sefton Central", "parl.selby.2024-07-04": "Selby", "parl.sevenoaks.2024-07-04": "Sevenoaks", "parl.sheffield-brightside-and-hillsborough.2024-07-04": "Sheffield Brightside and Hillsborough", "parl.sheffield-central.2024-07-04": "Sheffield Central", "parl.sheffield-hallam.2024-07-04": "Sheffield Hallam", "parl.sheffield-heeley.2024-07-04": "Sheffield Heeley", "parl.sheffield-south-east.2024-07-04": "Sheffield South East", "parl.sherwood-forest.2024-07-04": "Sherwood Forest", "parl.shipley.2024-07-04": "Shipley", "parl.shrewsbury.2024-07-04": "Shrewsbury", "parl.sittingbourne-and-sheppey.2024-07-04": "Sittingbourne and Sheppey", "parl.skipton-and-ripon.2024-07-04": "Skipton and Ripon", "parl.sleaford-and-north-hykeham.2024-07-04": "Sleaford and North Hykeham", "parl.slough.2024-07-04": "Slough", "parl.smethwick.2024-07-04": "Smethwick", "parl.solihull-west-and-shirley.2024-07-04": "Solihull West and Shirley", "parl.southampton-itchen.2024-07-04": "Southampton Itchen", "parl.southampton-test.2024-07-04": "Southampton Test", "parl.south-antrim.2024-07-04": "South Antrim", "parl.south-basildon-and-east-thurrock.2024-07-04": "South Basildon and East Thurrock", "parl.south-cambridgeshire.2024-07-04": "South Cambridgeshire", "parl.south-cotswolds.2024-07-04": "South Cotswolds", "parl.south-derbyshire.2024-07-04": "South Derbyshire", "parl.south-devon.2024-07-04": "South Devon", "parl.south-dorset.2024-07-04": "South Dorset", "parl.south-down.2024-07-04": "South Down", "parl.south-east-cornwall.2024-07-04": "South East Cornwall", "parl.southend-east-and-rochford.2024-07-04": "Southend East and Rochford", "parl.southend-west-and-leigh.2024-07-04": "Southend West and Leigh", "parl.southgate-and-wood-green.2024-07-04": "Southgate and Wood Green", "parl.south-holland-and-the-deepings.2024-07-04": "South Holland and The Deepings", "parl.south-leicestershire.2024-07-04": "South Leicestershire", "parl.south-norfolk.2024-07-04": "South Norfolk", "parl.south-northamptonshire.2024-07-04": "South Northamptonshire", "parl.southport.2024-07-04": "Southport", "parl.south-ribble.2024-07-04": "South Ribble", "parl.south-shields.2024-07-04": "South Shields", "parl.south-shropshire.2024-07-04": "South Shropshire", "parl.south-suffolk.2024-07-04": "South Suffolk", "parl.south-west-devon.2024-07-04": "South West Devon", "parl.south-west-hertfordshire.2024-07-04": "South West Hertfordshire", "parl.south-west-norfolk.2024-07-04": "South West Norfolk", "parl.south-west-wiltshire.2024-07-04": "South West Wiltshire", "parl.spelthorne.2024-07-04": "Spelthorne", "parl.spen-valley.2024-07-04": "Spen Valley", "parl.stafford.2024-07-04": "Stafford", "parl.staffordshire-moorlands.2024-07-04": "Staffordshire Moorlands", "parl.st-albans.2024-07-04": "St Albans", "parl.stalybridge-and-hyde.2024-07-04": "Stalybridge and Hyde", "parl.st-austell-and-newquay.2024-07-04": "St Austell and Newquay", "parl.stevenage.2024-07-04": "Stevenage", "parl.st-helens-north.2024-07-04": "St Helens North", "parl.st-helens-south-and-whiston.2024-07-04": "St Helens South and Whiston", "parl.stirling-and-strathallan.2024-07-04": "Stirling and Strathallan", "parl.st-ives.2024-07-04": "St Ives", "parl.st-neots-and-mid-cambridgeshire.2024-07-04": "St Neots and Mid Cambridgeshire", "parl.stockport.2024-07-04": "Stockport", "parl.stockton-north.2024-07-04": "Stockton North", "parl.stockton-west.2024-07-04": "Stockton West", "parl.stoke-on-trent-central.2024-07-04": "Stoke-on-Trent Central", "parl.stoke-on-trent-north.2024-07-04": "Stoke-on-Trent North", "parl.stoke-on-trent-south.2024-07-04": "Stoke-on-Trent South", "parl.stone-great-wyrley-and-penkridge.2024-07-04": "Stone, Great Wyrley and Penkridge", "parl.stourbridge.2024-07-04": "Stourbridge", "parl.strangford.2024-07-04": "Strangford", "parl.stratford-and-bow.2024-07-04": "Stratford and Bow", "parl.stratford-on-avon.2024-07-04": "Stratford-on-Avon", "parl.streatham-and-croydon-north.2024-07-04": "Streatham and Croydon North", "parl.stretford-and-urmston.2024-07-04": "Stretford and Urmston", "parl.stroud.2024-07-04": "Stroud", "parl.suffolk-coastal.2024-07-04": "Suffolk Coastal", "parl.sunderland-central.2024-07-04": "Sunderland Central", "parl.surrey-heath.2024-07-04": "Surrey Heath", "parl.sussex-weald.2024-07-04": "Sussex Weald", "parl.aberafan-maesteg.2024-07-04": "Aberafan Maesteg", "parl.sutton-coldfield.2024-07-04": "Sutton Coldfield", "parl.swansea-west.2024-07-04": "Swansea West", "parl.swindon-north.2024-07-04": "Swindon North", "parl.swindon-south.2024-07-04": "Swindon South", "parl.tamworth.2024-07-04": "Tamworth", "parl.tatton.2024-07-04": "Tatton", "parl.taunton-and-wellington.2024-07-04": "Taunton and Wellington", "parl.telford.2024-07-04": "Telford", "parl.tewkesbury.2024-07-04": "Tewkesbury", "parl.the-wrekin.2024-07-04": "The Wrekin", "parl.thirsk-and-malton.2024-07-04": "Thirsk and Malton", "parl.thornbury-and-yate.2024-07-04": "Thornbury and Yate", "parl.thurrock.2024-07-04": "Thurrock", "parl.tipton-and-wednesbury.2024-07-04": "Tipton and Wednesbury", "parl.tiverton-and-minehead.2024-07-04": "Tiverton and Minehead", "parl.tonbridge.2024-07-04": "Tonbridge", "parl.tooting.2024-07-04": "Tooting", "parl.torbay.2024-07-04": "Torbay", "parl.torfaen.2024-07-04": "Torfaen", "parl.torridge-and-tavistock.2024-07-04": "Torridge and Tavistock", "parl.tottenham.2024-07-04": "Tottenham", "parl.truro-and-falmouth.2024-07-04": "Truro and Falmouth", "parl.tunbridge-wells.2024-07-04": "Tunbridge Wells", "parl.twickenham.2024-07-04": "Twickenham", "parl.tynemouth.2024-07-04": "Tynemouth", "parl.upper-bann.2024-07-04": "Upper Bann", "parl.uxbridge-and-south-ruislip.2024-07-04": "Uxbridge and South Ruislip", "parl.vale-of-glamorgan.2024-07-04": "Vale of Glamorgan", "parl.vauxhall-and-camberwell-green.2024-07-04": "Vauxhall and Camberwell Green", "parl.wakefield-and-rothwell.2024-07-04": "Wakefield and Rothwell", "parl.wallasey.2024-07-04": "Wallasey", "parl.walsall-and-bloxwich.2024-07-04": "Walsall and Bloxwich", "parl.walthamstow.2024-07-04": "Walthamstow", "parl.warrington-north.2024-07-04": "Warrington North", "parl.warrington-south.2024-07-04": "Warrington South", "parl.warwick-and-leamington.2024-07-04": "Warwick and Leamington", "parl.washington-and-gateshead-south.2024-07-04": "Washington and Gateshead South", "parl.watford.2024-07-04": "Watford", "parl.waveney-valley.2024-07-04": "Waveney Valley", "parl.weald-of-kent.2024-07-04": "Weald of Kent", "parl.wellingborough-and-rushden.2024-07-04": "Wellingborough and Rushden", "parl.wells-and-mendip-hills.2024-07-04": "Wells and Mendip Hills", "parl.welwyn-hatfield.2024-07-04": "Welwyn Hatfield", "parl.west-aberdeenshire-and-kincardine.2024-07-04": "West Aberdeenshire and Kincardine", "parl.west-bromwich.2024-07-04": "West Bromwich", "parl.west-dorset.2024-07-04": "West Dorset", "parl.west-dunbartonshire.2024-07-04": "West Dunbartonshire", "parl.west-ham-and-beckton.2024-07-04": "West Ham and Beckton", "parl.west-lancashire.2024-07-04": "West Lancashire", "parl.westmorland-and-lonsdale.2024-07-04": "Westmorland and Lonsdale", "parl.weston-super-mare.2024-07-04": "Weston-super-Mare", "parl.west-suffolk.2024-07-04": "West Suffolk", "parl.west-tyrone.2024-07-04": "West Tyrone", "parl.west-worcestershire.2024-07-04": "West Worcestershire", "parl.wetherby-and-easingwold.2024-07-04": "Wetherby and Easingwold", "parl.whitehaven-and-workington.2024-07-04": "Whitehaven and Workington", "parl.widnes-and-halewood.2024-07-04": "Widnes and Halewood", "parl.wigan.2024-07-04": "Wigan", "parl.wimbledon.2024-07-04": "Wimbledon", "parl.winchester.2024-07-04": "Winchester", "parl.windsor.2024-07-04": "Windsor", "parl.wirral-west.2024-07-04": "Wirral West", "parl.witham.2024-07-04": "Witham", "parl.witney.2024-07-04": "Witney", "parl.woking.2024-07-04": "Woking", "parl.wokingham.2024-07-04": "Wokingham", "parl.wolverhampton-north-east.2024-07-04": "Wolverhampton North East", "parl.wolverhampton-south-east.2024-07-04": "Wolverhampton South East", "parl.wolverhampton-west.2024-07-04": "Wolverhampton West", "parl.worcester.2024-07-04": "Worcester", "parl.worsley-and-eccles.2024-07-04": "Worsley and Eccles", "parl.worthing-west.2024-07-04": "Worthing West", "parl.wrexham.2024-07-04": "Wrexham", "parl.wycombe.2024-07-04": "Wycombe", "parl.wyre-forest.2024-07-04": "Wyre Forest", "parl.wythenshawe-and-sale-east.2024-07-04": "Wythenshawe and Sale East", "parl.yeovil.2024-07-04": "Yeovil", "parl.ynys-mon.2024-07-04": "Ynys Môn", "parl.york-central.2024-07-04": "York Central", "parl.york-outer.2024-07-04": "York Outer", "parl.sutton-and-cheam.2024-07-04": "Sutton and Cheam"}